estacion,fecha,umbral,conteo
18,07-10-2019,AMARILLO,11
47,02-10-2019,NARANJA,8
28,01-10-2021,ROJO,8
62,01-03-2022,ROJO,7
32,03-03-2022,ROJO,7
61,02-10-2019,AMARILLO,7
33,04-10-2019,NARANJA,7
5,09-11-2021,ROJO,6
62,04-03-2021,ROJO,6
16,04-10-2019,NARANJA,6
28,24-09-2021,ROJO,6
37,10-11-2021,ROJO,6
15,02-11-2021,NARANJA,6
45,01-11-2021,AMARILLO,5
58,07-06-2022,ROJO,5
32,10-05-2022,ROJO,5
47,25-03-2022,AMARILLO,4
32,11-02-2022,ROJO,4
58,12-06-2022,ROJO,4
49,05-03-2022,AMARILLO,4
7,03-01-2022,ROJO,4
10,24-11-2021,NARANJA,4
25,02-10-2019,AMARILLO,4
65,02-11-2021,NARANJA,4
37,01-10-2021,ROJO,4
25,04-11-2021,AMARILLO,4
58,09-06-2022,ROJO,4
7,25-03-2022,NARANJA,4
25,18-11-2020,ROJO,4
40,15-12-2021,ROJO,4
14,06-11-2021,NARANJA,4
18,25-03-2022,NARANJA,4
73,08-11-2021,AMARILLO,4
38,02-11-2021,NARANJA,4
30,05-03-2022,AMARILLO,4
68,20-08-2021,ROJO,4
1,19-05-2022,ROJO,4
45,29-08-2022,ROJO,4
16,05-07-2022,AMARILLO,4
36,01-09-2021,ROJO,4
40,24-09-2021,NARANJA,4
32,02-03-2022,ROJO,4
10,18-02-2022,ROJO,3
36,28-07-2022,AMARILLO,3
61,30-06-2020,NARANJA,3
69,26-11-2021,ROJO,3
34,26-09-2020,ROJO,3
25,14-08-2022,ROJO,3
36,28-09-2022,ROJO,3
75,09-01-2022,ROJO,3
62,14-05-2022,NARANJA,3
78,10-11-2021,ROJO,3
10,12-07-2021,ROJO,3
10,19-07-2021,ROJO,3
37,18-10-2021,ROJO,3
63,28-10-2021,ROJO,3
34,25-06-2022,ROJO,3
7,07-01-2022,ROJO,3
25,03-05-2020,ROJO,3
40,30-10-2021,ROJO,3
5,24-02-2020,ROJO,3
10,20-12-2019,ROJO,3
34,24-06-2022,ROJO,3
18,29-10-2019,ROJO,3
34,09-01-2022,ROJO,3
17,14-01-2021,ROJO,3
77,08-02-2022,ROJO,3
25,03-04-2022,AMARILLO,3
25,02-12-2020,ROJO,3
10,08-01-2021,ROJO,3
22,06-07-2022,ROJO,3
17,18-09-2020,ROJO,3
63,25-07-2021,ROJO,3
25,03-10-2020,ROJO,3
18,01-11-2019,ROJO,3
25,21-05-2020,ROJO,3
45,03-06-2021,ROJO,3
7,18-11-2019,ROJO,3
25,17-06-2020,ROJO,3
38,23-06-2020,ROJO,3
50,11-07-2022,ROJO,3
21,25-03-2022,AMARILLO,3
5,12-03-2020,ROJO,3
10,15-10-2019,ROJO,3
17,27-12-2020,AMARILLO,3
5,07-09-2021,ROJO,3
77,17-08-2021,NARANJA,3
63,14-10-2021,ROJO,3
5,01-12-2019,ROJO,3
68,04-09-2020,ROJO,3
10,23-10-2019,ROJO,3
7,23-02-2022,ROJO,3
12,20-06-2022,AMARILLO,3
10,14-07-2020,ROJO,3
10,18-10-2021,NARANJA,3
57,08-05-2020,ROJO,3
5,10-08-2021,ROJO,3
61,21-10-2019,ROJO,3
56,15-08-2021,ROJO,3
7,24-02-2022,ROJO,3
10,07-11-2019,ROJO,3
8,10-05-2022,ROJO,3
42,19-06-2022,ROJO,3
16,03-07-2022,AMARILLO,3
9,10-08-2021,ROJO,3
20,30-05-2022,ROJO,3
32,04-03-2022,ROJO,3
37,04-11-2019,ROJO,3
68,13-07-2020,ROJO,3
28,28-05-2021,ROJO,3
32,09-05-2022,ROJO,3
10,01-11-2021,NARANJA,3
32,10-02-2022,ROJO,3
66,01-09-2021,NARANJA,3
63,11-10-2021,ROJO,3
28,26-01-2020,ROJO,3
66,01-09-2021,AMARILLO,3
66,26-01-2020,AMARILLO,3
34,05-03-2021,ROJO,3
16,03-07-2022,NARANJA,3
10,01-11-2021,AMARILLO,3
32,12-10-2019,ROJO,3
68,16-08-2020,ROJO,3
63,09-11-2020,ROJO,3
45,23-02-2021,AMARILLO,3
16,06-11-2019,ROJO,3
81,20-06-2022,ROJO,3
48,21-05-2022,ROJO,3
30,25-03-2022,NARANJA,3
1,14-07-2022,ROJO,3
16,10-07-2022,ROJO,3
10,01-07-2020,ROJO,3
49,01-09-2021,AMARILLO,3
40,04-11-2021,NARANJA,3
52,24-09-2022,ROJO,3
68,13-11-2020,ROJO,3
31,27-09-2020,ROJO,3
66,21-04-2020,ROJO,3
58,25-11-2019,ROJO,3
66,26-01-2020,NARANJA,3
40,11-06-2022,ROJO,3
20,03-06-2022,ROJO,3
66,26-08-2020,ROJO,3
15,02-11-2021,AMARILLO,3
34,03-03-2021,ROJO,3
28,15-06-2022,ROJO,3
70,05-04-2022,ROJO,3
28,13-06-2022,ROJO,3
51,14-07-2022,ROJO,3
37,21-10-2019,ROJO,3
34,04-03-2021,ROJO,3
70,09-01-2022,ROJO,3
78,30-11-2019,ROJO,3
18,17-05-2022,ROJO,3
17,05-12-2020,ROJO,3
2,20-10-2019,ROJO,3
28,19-02-2020,ROJO,3
25,01-10-2021,ROJO,3
38,06-07-2022,ROJO,3
28,19-08-2021,ROJO,3
80,04-02-2021,ROJO,3
63,05-11-2021,AMARILLO,3
28,23-06-2021,ROJO,3
36,19-06-2020,ROJO,3
46,04-09-2020,ROJO,3
57,19-10-2021,ROJO,3
37,23-10-2019,ROJO,3
34,05-02-2022,ROJO,3
2,19-03-2022,NARANJA,3
64,02-09-2021,NARANJA,3
36,21-04-2020,ROJO,3
18,29-09-2020,NARANJA,2
37,02-01-2020,NARANJA,2
18,24-08-2020,NARANJA,2
56,08-09-2020,NARANJA,2
18,24-01-2020,ROJO,2
36,29-09-2020,NARANJA,2
37,01-12-2019,NARANJA,2
56,04-02-2021,NARANJA,2
37,01-09-2020,AMARILLO,2
37,01-06-2020,NARANJA,2
56,07-10-2020,ROJO,2
67,31-12-2021,NARANJA,2
56,05-12-2020,AMARILLO,2
37,01-10-2021,NARANJA,2
56,08-07-2022,NARANJA,2
56,07-11-2020,NARANJA,2
18,24-06-2022,NARANJA,2
69,27-08-2020,NARANJA,2
56,15-10-2020,NARANJA,2
36,29-01-2020,NARANJA,2
67,28-03-2022,NARANJA,2
56,19-07-2021,NARANJA,2
66,31-12-2019,NARANJA,2
56,19-08-2021,NARANJA,2
66,28-02-2021,NARANJA,2
20,02-07-2020,NARANJA,2
20,03-12-2020,NARANJA,2
20,05-05-2020,NARANJA,2
20,06-10-2020,NARANJA,2
36,18-11-2019,ROJO,2
66,26-01-2020,ROJO,2
20,09-06-2022,ROJO,2
20,11-06-2022,NARANJA,2
36,18-10-2021,ROJO,2
56,26-08-2021,AMARILLO,2
20,13-04-2020,ROJO,2
66,19-08-2021,NARANJA,2
66,18-08-2020,AMARILLO,2
20,18-09-2020,NARANJA,2
66,18-05-2020,NARANJA,2
36,18-01-2021,ROJO,2
56,26-10-2020,NARANJA,2
19,24-05-2022,ROJO,2
56,18-10-2021,AMARILLO,2
36,21-10-2019,NARANJA,2
56,11-05-2022,ROJO,2
56,09-10-2021,ROJO,2
67,25-03-2022,AMARILLO,2
36,28-06-2022,NARANJA,2
67,24-05-2022,AMARILLO,2
36,28-06-2022,AMARILLO,2
56,10-03-2021,NARANJA,2
67,22-02-2022,ROJO,2
67,21-02-2022,ROJO,2
67,18-11-2019,ROJO,2
36,26-08-2021,ROJO,2
19,24-01-2020,ROJO,2
36,25-10-2019,NARANJA,2
36,25-08-2021,ROJO,2
56,13-07-2020,NARANJA,2
19,15-11-2021,NARANJA,2
36,22-11-2020,ROJO,2
19,21-02-2021,NARANJA,2
19,21-04-2020,AMARILLO,2
37,02-01-2022,NARANJA,2
67,10-07-2022,NARANJA,2
18,22-09-2020,NARANJA,2
18,09-11-2021,AMARILLO,2
68,27-12-2020,ROJO,2
17,13-12-2019,AMARILLO,2
17,09-12-2019,NARANJA,2
17,10-02-2021,NARANJA,2
17,10-03-2021,ROJO,2
37,21-10-2020,NARANJA,2
17,11-07-2020,NARANJA,2
70,02-11-2021,AMARILLO,2
70,01-12-2021,AMARILLO,2
17,12-01-2021,ROJO,2
17,12-06-2022,NARANJA,2
69,31-01-2020,NARANJA,2
17,13-06-2020,AMARILLO,2
37,20-07-2021,NARANJA,2
17,13-07-2022,AMARILLO,2
17,13-07-2022,NARANJA,2
37,19-06-2020,ROJO,2
56,03-04-2020,NARANJA,2
37,19-06-2020,NARANJA,2
17,14-06-2020,NARANJA,2
53,15-11-2021,AMARILLO,2
69,27-12-2020,ROJO,2
69,27-12-2020,NARANJA,2
17,16-01-2021,NARANJA,2
69,27-03-2022,NARANJA,2
17,16-11-2019,AMARILLO,2
17,17-11-2019,NARANJA,2
53,16-03-2022,AMARILLO,2
17,18-01-2021,NARANJA,2
37,18-09-2020,ROJO,2
17,18-05-2022,NARANJA,2
17,18-06-2022,AMARILLO,2
17,08-09-2020,AMARILLO,2
70,10-08-2021,NARANJA,2
17,05-06-2020,AMARILLO,2
17,04-09-2020,NARANJA,2
16,10-03-2021,NARANJA,2
16,10-05-2022,NARANJA,2
52,15-06-2022,ROJO,2
37,29-11-2020,NARANJA,2
37,29-07-2020,NARANJA,2
16,13-07-2022,NARANJA,2
16,16-06-2022,NARANJA,2
37,28-03-2022,AMARILLO,2
16,18-06-2022,NARANJA,2
16,19-05-2022,AMARILLO,2
37,27-12-2021,AMARILLO,2
16,19-07-2022,NARANJA,2
70,19-05-2022,NARANJA,2
70,18-04-2020,NARANJA,2
16,24-05-2022,ROJO,2
16,26-06-2020,ROJO,2
37,27-11-2021,NARANJA,2
37,27-06-2022,NARANJA,2
16,28-05-2022,AMARILLO,2
70,15-08-2021,ROJO,2
17,01-06-2020,NARANJA,2
37,26-08-2021,AMARILLO,2
37,26-06-2022,NARANJA,2
70,14-11-2021,NARANJA,2
70,14-11-2021,AMARILLO,2
17,02-06-2022,NARANJA,2
37,24-11-2019,NARANJA,2
53,02-06-2021,ROJO,2
70,11-06-2022,NARANJA,2
17,19-11-2020,NARANJA,2
37,18-01-2021,AMARILLO,2
17,21-08-2020,NARANJA,2
37,10-11-2021,NARANJA,2
69,14-03-2022,NARANJA,2
69,13-07-2021,AMARILLO,2
37,09-12-2019,NARANJA,2
69,12-07-2021,NARANJA,2
55,20-06-2022,NARANJA,2
55,24-06-2022,NARANJA,2
18,14-12-2019,ROJO,2
37,08-09-2020,NARANJA,2
69,09-10-2019,NARANJA,2
37,08-02-2021,NARANJA,2
37,06-10-2021,ROJO,2
18,16-07-2020,NARANJA,2
37,06-07-2020,NARANJA,2
37,05-11-2021,AMARILLO,2
37,05-10-2021,NARANJA,2
18,17-05-2020,NARANJA,2
69,05-03-2022,NARANJA,2
37,05-08-2021,NARANJA,2
37,05-03-2022,NARANJA,2
37,05-03-2022,AMARILLO,2
37,05-01-2021,ROJO,2
18,19-02-2022,NARANJA,2
18,19-08-2020,NARANJA,2
18,19-08-2020,ROJO,2
18,19-08-2021,ROJO,2
37,04-10-2020,ROJO,2
18,20-03-2022,NARANJA,2
69,01-07-2022,NARANJA,2
56,02-07-2020,ROJO,2
37,10-11-2021,AMARILLO,2
55,10-05-2022,NARANJA,2
17,21-10-2019,NARANJA,2
20,22-11-2021,AMARILLO,2
17,21-10-2020,NARANJA,2
37,15-10-2020,NARANJA,2
17,24-06-2022,NARANJA,2
17,24-10-2020,NARANJA,2
69,24-10-2019,NARANJA,2
37,15-03-2020,NARANJA,2
53,21-10-2020,ROJO,2
17,26-03-2022,NARANJA,2
37,14-11-2019,NARANJA,2
17,28-02-2020,NARANJA,2
17,28-02-2022,NARANJA,2
69,20-11-2019,AMARILLO,2
37,13-07-2022,NARANJA,2
17,29-07-2020,AMARILLO,2
17,29-09-2020,NARANJA,2
69,20-02-2021,NARANJA,2
17,30-06-2020,AMARILLO,2
17,31-05-2020,AMARILLO,2
53,29-04-2021,AMARILLO,2
69,18-04-2020,ROJO,2
18,01-12-2021,AMARILLO,2
69,17-12-2019,NARANJA,2
18,04-12-2020,NARANJA,2
37,11-11-2019,NARANJA,2
69,16-07-2020,NARANJA,2
69,15-12-2019,ROJO,2
69,15-11-2021,NARANJA,2
37,11-06-2022,AMARILLO,2
18,09-10-2019,ROJO,2
56,26-10-2020,ROJO,2
57,07-06-2022,ROJO,2
66,14-10-2019,NARANJA,2
25,29-03-2022,AMARILLO,2
34,14-11-2019,ROJO,2
25,23-03-2022,NARANJA,2
25,23-05-2020,NARANJA,2
61,24-11-2021,AMARILLO,2
58,09-06-2022,NARANJA,2
25,24-09-2021,AMARILLO,2
34,14-10-2021,NARANJA,2
61,22-08-2020,AMARILLO,2
25,25-09-2020,NARANJA,2
25,26-11-2020,AMARILLO,2
58,09-10-2019,NARANJA,2
25,27-07-2021,NARANJA,2
25,28-03-2022,AMARILLO,2
58,10-07-2020,NARANJA,2
34,11-02-2022,NARANJA,2
58,11-06-2022,NARANJA,2
61,18-11-2021,AMARILLO,2
34,11-02-2021,ROJO,2
58,10-09-2020,NARANJA,2
34,11-02-2021,AMARILLO,2
34,10-09-2020,ROJO,2
27,19-05-2022,NARANJA,2
27,30-06-2022,NARANJA,2
61,16-03-2022,NARANJA,2
28,01-10-2021,AMARILLO,2
28,01-10-2021,NARANJA,2
61,15-11-2020,ROJO,2
28,02-11-2021,AMARILLO,2
28,02-11-2021,NARANJA,2
58,10-12-2019,NARANJA,2
61,26-10-2019,NARANJA,2
58,08-06-2022,ROJO,2
34,15-03-2022,NARANJA,2
25,21-09-2020,NARANJA,2
58,01-02-2020,NARANJA,2
25,09-06-2021,AMARILLO,2
25,10-06-2020,NARANJA,2
25,10-07-2021,AMARILLO,2
62,25-10-2019,AMARILLO,2
62,20-02-2022,NARANJA,2
25,12-06-2020,NARANJA,2
62,15-06-2022,NARANJA,2
25,12-08-2021,ROJO,2
62,14-05-2022,ROJO,2
62,11-06-2022,ROJO,2
34,22-08-2021,NARANJA,2
25,14-11-2020,NARANJA,2
62,06-06-2022,NARANJA,2
58,06-07-2020,NARANJA,2
62,05-03-2021,ROJO,2
62,05-02-2022,NARANJA,2
34,18-05-2022,NARANJA,2
34,18-05-2022,AMARILLO,2
25,19-07-2021,AMARILLO,2
34,17-11-2019,NARANJA,2
61,30-06-2020,ROJO,2
34,17-06-2022,AMARILLO,2
34,17-05-2022,NARANJA,2
34,17-02-2021,NARANJA,2
61,29-09-2020,NARANJA,2
25,21-05-2021,AMARILLO,2
25,21-06-2021,NARANJA,2
34,16-08-2021,NARANJA,2
34,08-10-2021,NARANJA,2
61,13-10-2019,ROJO,2
25,08-09-2021,NARANJA,2
29,16-06-2022,NARANJA,2
59,27-03-2022,ROJO,2
59,26-10-2019,NARANJA,2
32,11-02-2022,AMARILLO,2
28,26-06-2021,NARANJA,2
58,25-01-2021,NARANJA,2
28,28-07-2021,ROJO,2
28,28-07-2022,ROJO,2
28,29-05-2022,NARANJA,2
28,29-08-2022,ROJO,2
29,06-06-2022,NARANJA,2
32,04-03-2022,AMARILLO,2
29,10-06-2022,NARANJA,2
32,03-03-2022,NARANJA,2
29,16-06-2022,AMARILLO,2
31,29-03-2022,NARANJA,2
34,06-10-2021,AMARILLO,2
29,25-06-2022,NARANJA,2
30,05-03-2022,NARANJA,2
30,17-03-2022,ROJO,2
58,30-09-2021,NARANJA,2
59,15-10-2019,ROJO,2
31,23-03-2022,NARANJA,2
30,18-12-2021,NARANJA,2
58,31-07-2020,NARANJA,2
31,12-02-2021,NARANJA,2
59,14-08-2020,NARANJA,2
30,27-07-2021,NARANJA,2
59,07-02-2022,NARANJA,2
30,31-03-2022,AMARILLO,2
31,07-09-2020,NARANJA,2
32,12-10-2019,NARANJA,2
28,24-09-2021,NARANJA,2
58,23-06-2020,ROJO,2
33,05-04-2022,AMARILLO,2
34,06-06-2022,NARANJA,2
61,10-09-2020,NARANJA,2
34,05-05-2022,AMARILLO,2
58,11-10-2020,ROJO,2
61,07-05-2022,NARANJA,2
28,09-06-2021,NARANJA,2
34,04-03-2022,NARANJA,2
58,13-12-2019,NARANJA,2
61,05-03-2022,AMARILLO,2
28,11-07-2021,NARANJA,2
61,01-12-2019,NARANJA,2
28,11-07-2022,ROJO,2
34,03-03-2022,NARANJA,2
28,14-06-2021,NARANJA,2
60,30-09-2022,AMARILLO,2
28,15-11-2021,AMARILLO,2
58,16-08-2020,NARANJA,2
33,19-05-2022,NARANJA,2
28,18-06-2022,NARANJA,2
33,12-10-2019,ROJO,2
33,11-10-2019,ROJO,2
33,10-05-2022,NARANJA,2
59,30-09-2020,ROJO,2
33,09-02-2022,NARANJA,2
28,21-03-2022,NARANJA,2
33,09-02-2022,AMARILLO,2
33,07-10-2019,NARANJA,2
58,23-06-2020,NARANJA,2
33,05-04-2022,NARANJA,2
25,08-10-2020,NARANJA,2
25,07-10-2020,AMARILLO,2
56,27-05-2020,NARANJA,2
63,27-08-2021,ROJO,2
64,02-09-2021,AMARILLO,2
21,25-09-2021,AMARILLO,2
63,31-03-2022,NARANJA,2
36,08-09-2020,NARANJA,2
36,08-02-2021,NARANJA,2
16,09-07-2022,NARANJA,2
57,07-09-2020,NARANJA,2
21,31-03-2022,ROJO,2
36,06-07-2020,NARANJA,2
21,31-10-2020,ROJO,2
57,07-10-2020,NARANJA,2
63,27-10-2020,NARANJA,2
22,10-07-2022,ROJO,2
36,05-11-2019,ROJO,2
22,14-07-2022,NARANJA,2
36,01-09-2021,NARANJA,2
57,09-11-2020,NARANJA,2
22,17-06-2022,NARANJA,2
22,17-06-2022,ROJO,2
63,27-05-2021,ROJO,2
57,11-07-2021,NARANJA,2
22,20-07-2022,NARANJA,2
22,22-05-2022,NARANJA,2
57,11-11-2019,ROJO,2
63,25-10-2019,NARANJA,2
57,13-10-2021,NARANJA,2
36,03-04-2020,ROJO,2
63,25-04-2021,NARANJA,2
22,28-05-2022,NARANJA,2
57,14-09-2020,NARANJA,2
21,24-09-2021,AMARILLO,2
57,06-05-2022,NARANJA,2
65,01-11-2021,NARANJA,2
57,03-12-2020,NARANJA,2
20,24-09-2021,AMARILLO,2
20,25-09-2021,AMARILLO,2
66,11-10-2021,NARANJA,2
36,15-03-2020,ROJO,2
66,11-06-2022,NARANJA,2
66,11-05-2022,NARANJA,2
36,14-09-2020,NARANJA,2
56,29-03-2022,NARANJA,2
66,09-02-2022,NARANJA,2
56,29-06-2020,NARANJA,2
36,13-12-2020,ROJO,2
66,05-10-2021,NARANJA,2
36,13-07-2021,ROJO,2
56,29-09-2020,ROJO,2
36,12-11-2020,ROJO,2
21,07-09-2021,NARANJA,2
65,30-10-2021,NARANJA,2
36,12-10-2019,ROJO,2
65,30-09-2021,NARANJA,2
21,14-11-2019,AMARILLO,2
57,02-11-2020,NARANJA,2
21,16-11-2019,ROJO,2
21,17-07-2022,AMARILLO,2
57,03-01-2021,NARANJA,2
65,06-05-2022,NARANJA,2
57,03-11-2020,NARANJA,2
21,21-08-2021,NARANJA,2
21,21-10-2020,AMARILLO,2
65,02-11-2021,AMARILLO,2
24,02-07-2022,NARANJA,2
36,01-09-2021,AMARILLO,2
34,27-11-2021,AMARILLO,2
63,05-11-2021,NARANJA,2
24,20-06-2022,NARANJA,2
63,08-05-2020,NARANJA,2
57,24-10-2020,NARANJA,2
24,21-11-2020,ROJO,2
57,25-04-2020,NARANJA,2
63,07-09-2021,NARANJA,2
35,10-12-2019,NARANJA,2
24,26-06-2020,NARANJA,2
57,25-08-2020,NARANJA,2
24,27-12-2021,ROJO,2
63,06-06-2021,NARANJA,2
57,27-09-2020,NARANJA,2
24,30-06-2020,AMARILLO,2
63,05-12-2020,AMARILLO,2
63,05-10-2021,ROJO,2
63,23-06-2021,ROJO,2
63,05-06-2022,NARANJA,2
57,28-06-2020,NARANJA,2
57,28-08-2021,NARANJA,2
63,05-04-2022,NARANJA,2
25,03-06-2021,ROJO,2
25,03-07-2022,AMARILLO,2
25,03-07-2022,NARANJA,2
34,31-03-2022,NARANJA,2
63,02-11-2021,AMARILLO,2
57,31-05-2020,NARANJA,2
57,31-05-2022,NARANJA,2
25,04-11-2021,NARANJA,2
57,31-12-2021,AMARILLO,2
34,27-11-2021,NARANJA,2
35,21-09-2021,NARANJA,2
63,10-10-2020,NARANJA,2
57,20-11-2021,AMARILLO,2
45,24-09-2021,AMARILLO,2
57,14-10-2021,NARANJA,2
36,01-08-2022,AMARILLO,2
57,15-04-2020,NARANJA,2
63,21-10-2019,ROJO,2
63,21-09-2020,ROJO,2
63,21-09-2020,NARANJA,2
24,07-06-2020,ROJO,2
57,15-10-2020,NARANJA,2
24,07-07-2020,ROJO,2
63,20-06-2021,ROJO,2
57,18-07-2020,NARANJA,2
24,08-09-2020,ROJO,2
24,08-10-2021,AMARILLO,2
35,31-01-2020,NARANJA,2
24,10-03-2021,NARANJA,2
24,10-07-2021,NARANJA,2
57,19-02-2022,NARANJA,2
57,19-05-2020,NARANJA,2
24,11-07-2020,NARANJA,2
24,11-07-2020,ROJO,2
24,11-08-2021,AMARILLO,2
24,14-07-2020,NARANJA,2
63,13-07-2021,NARANJA,2
35,25-10-2019,NARANJA,2
57,20-04-2020,NARANJA,2
63,11-11-2019,ROJO,2
35,23-09-2020,NARANJA,2
63,11-10-2021,AMARILLO,2
63,11-05-2022,NARANJA,2
37,30-10-2020,NARANJA,2
31,06-10-2020,NARANJA,2
8,12-06-2022,NARANJA,2
76,25-05-2022,NARANJA,2
73,08-11-2019,NARANJA,2
7,22-06-2022,AMARILLO,2
45,08-07-2021,NARANJA,2
75,15-05-2020,AMARILLO,2
10,18-02-2022,NARANJA,2
78,17-10-2021,ROJO,2
73,07-09-2021,NARANJA,2
47,22-05-2022,NARANJA,2
10,18-10-2021,AMARILLO,2
10,18-10-2021,ROJO,2
44,11-06-2022,ROJO,2
49,10-11-2021,AMARILLO,2
73,05-11-2021,AMARILLO,2
78,18-10-2021,NARANJA,2
10,19-08-2020,NARANJA,2
3,18-06-2022,NARANJA,2
76,29-06-2022,NARANJA,2
39,11-07-2022,NARANJA,2
7,19-08-2020,NARANJA,2
5,29-07-2021,NARANJA,2
10,21-04-2020,AMARILLO,2
4,02-04-2020,ROJO,2
10,15-08-2020,NARANJA,2
75,14-06-2022,ROJO,2
10,12-11-2020,NARANJA,2
73,12-10-2021,NARANJA,2
39,18-05-2022,AMARILLO,2
47,23-11-2020,ROJO,2
73,11-06-2022,NARANJA,2
4,19-05-2022,NARANJA,2
46,16-02-2021,NARANJA,2
77,02-01-2020,NARANJA,2
4,18-06-2022,NARANJA,2
39,16-10-2021,NARANJA,2
10,12-11-2021,AMARILLO,2
10,14-11-2019,NARANJA,2
39,16-04-2020,NARANJA,2
41,05-12-2020,AMARILLO,2
49,07-06-2022,AMARILLO,2
4,15-10-2019,AMARILLO,2
46,14-06-2021,ROJO,2
45,06-11-2019,NARANJA,2
39,15-11-2021,AMARILLO,2
4,09-10-2019,NARANJA,2
73,09-05-2021,NARANJA,2
10,21-07-2020,NARANJA,2
39,09-11-2021,NARANJA,2
47,20-12-2019,NARANJA,2
10,29-03-2022,ROJO,2
45,12-08-2021,AMARILLO,2
2,30-04-2020,AMARILLO,2
45,12-08-2021,NARANJA,2
6,02-11-2020,ROJO,2
10,28-11-2021,ROJO,2
6,03-11-2020,NARANJA,2
49,22-08-2021,ROJO,2
78,22-12-2019,NARANJA,2
10,28-12-2021,ROJO,2
45,02-10-2020,NARANJA,2
78,21-10-2021,NARANJA,2
38,30-03-2022,NARANJA,2
38,28-12-2020,NARANJA,2
10,29-10-2019,NARANJA,2
10,29-10-2019,ROJO,2
78,24-09-2021,NARANJA,2
72,22-11-2020,NARANJA,2
2,26-06-2020,NARANJA,2
38,26-08-2020,NARANJA,2
72,21-11-2020,NARANJA,2
45,12-06-2020,NARANJA,2
39,02-06-2022,NARANJA,2
10,21-09-2021,NARANJA,2
10,25-01-2021,AMARILLO,2
10,21-10-2021,AMARILLO,2
5,30-10-2021,NARANJA,2
39,09-11-2021,AMARILLO,2
45,12-01-2021,ROJO,2
10,24-01-2020,NARANJA,2
47,19-08-2020,NARANJA,2
7,14-06-2022,NARANJA,2
10,24-10-2021,NARANJA,2
10,24-11-2021,AMARILLO,2
49,17-08-2021,ROJO,2
72,27-10-2021,NARANJA,2
2,31-05-2022,NARANJA,2
72,30-11-2021,NARANJA,2
10,27-02-2020,ROJO,2
72,30-10-2021,NARANJA,2
39,03-05-2020,AMARILLO,2
72,30-01-2020,ROJO,2
49,19-11-2020,AMARILLO,2
2,30-09-2019,NARANJA,2
72,29-04-2021,NARANJA,2
49,05-03-2022,NARANJA,2
73,13-03-2020,NARANJA,2
4,19-05-2022,ROJO,2
5,10-01-2021,NARANJA,2
73,29-05-2022,AMARILLO,2
40,11-06-2022,AMARILLO,2
77,14-10-2019,NARANJA,2
40,09-05-2022,NARANJA,2
5,12-02-2021,NARANJA,2
9,10-08-2021,AMARILLO,2
5,11-11-2021,AMARILLO,2
9,10-08-2021,NARANJA,2
73,27-05-2021,NARANJA,2
45,02-12-2020,ROJO,2
9,04-03-2021,NARANJA,2
5,09-11-2021,NARANJA,2
40,06-05-2022,NARANJA,2
5,20-07-2021,NARANJA,2
47,28-10-2021,NARANJA,2
5,09-09-2021,NARANJA,2
47,30-03-2022,NARANJA,2
73,24-09-2021,AMARILLO,2
77,17-08-2021,AMARILLO,2
73,23-09-2021,NARANJA,2
70,24-09-2021,NARANJA,2
9,03-04-2022,ROJO,2
45,03-02-2021,NARANJA,2
5,19-08-2021,NARANJA,2
40,22-05-2022,AMARILLO,2
5,18-08-2021,NARANJA,2
75,02-08-2020,ROJO,2
8,21-06-2022,NARANJA,2
9,02-01-2020,AMARILLO,2
45,02-10-2020,ROJO,2
9,02-01-2022,NARANJA,2
40,15-11-2021,NARANJA,2
40,23-05-2022,NARANJA,2
77,13-11-2019,ROJO,2
73,30-03-2022,NARANJA,2
9,02-06-2022,ROJO,2
40,14-11-2021,NARANJA,2
77,12-06-2022,NARANJA,2
5,17-10-2021,NARANJA,2
46,26-01-2022,NARANJA,2
75,03-04-2020,NARANJA,2
5,13-01-2021,NARANJA,2
77,14-08-2020,NARANJA,2
40,24-09-2021,AMARILLO,2
5,08-10-2021,NARANJA,2
5,07-05-2020,NARANJA,2
10,07-05-2020,NARANJA,2
73,14-10-2019,NARANJA,2
39,24-09-2021,ROJO,2
44,25-06-2022,NARANJA,2
7,29-03-2022,NARANJA,2
4,28-03-2022,AMARILLO,2
10,04-01-2020,NARANJA,2
4,27-06-2022,NARANJA,2
78,02-11-2021,AMARILLO,2
10,05-01-2021,ROJO,2
10,05-06-2022,NARANJA,2
10,06-05-2022,NARANJA,2
10,03-01-2022,NARANJA,2
41,02-01-2020,NARANJA,2
5,21-11-2021,NARANJA,2
47,24-07-2020,ROJO,2
7,26-12-2021,NARANJA,2
4,25-02-2020,NARANJA,2
77,02-06-2022,ROJO,2
4,22-10-2019,NARANJA,2
41,04-10-2020,AMARILLO,2
78,05-10-2021,AMARILLO,2
10,03-01-2022,ROJO,2
10,02-04-2020,NARANJA,2
5,05-10-2021,NARANJA,2
39,29-07-2021,NARANJA,2
45,03-09-2020,AMARILLO,2
9,21-08-2020,ROJO,2
46,18-12-2021,NARANJA,2
77,24-02-2022,NARANJA,2
5,20-11-2021,NARANJA,2
46,18-06-2022,NARANJA,2
73,21-06-2021,AMARILLO,2
5,04-09-2020,NARANJA,2
77,24-11-2019,NARANJA,2
7,31-03-2022,NARANJA,2
45,04-11-2021,AMARILLO,2
9,28-12-2021,ROJO,2
77,25-10-2019,NARANJA,2
39,27-03-2022,AMARILLO,2
5,21-02-2021,NARANJA,2
10,01-03-2022,NARANJA,2
39,25-09-2021,ROJO,2
49,02-06-2022,ROJO,2
45,01-04-2020,NARANJA,2
39,25-03-2022,AMARILLO,2
7,12-06-2020,NARANJA,2
78,24-09-2021,AMARILLO,2
2,25-06-2022,NARANJA,2
45,19-10-2021,ROJO,2
38,12-05-2022,NARANJA,2
14,29-03-2022,AMARILLO,2
71,14-03-2020,NARANJA,2
2,06-11-2021,AMARILLO,2
2,06-10-2021,ROJO,2
2,06-10-2021,NARANJA,2
38,11-06-2021,ROJO,2
80,23-05-2022,AMARILLO,2
14,31-05-2022,ROJO,2
2,03-04-2020,ROJO,2
51,13-06-2022,NARANJA,2
2,03-04-2020,NARANJA,2
76,17-07-2022,ROJO,2
2,01-12-2021,AMARILLO,2
80,23-05-2022,ROJO,2
15,01-10-2020,NARANJA,2
15,02-03-2022,AMARILLO,2
38,08-10-2021,NARANJA,2
38,08-10-2021,AMARILLO,2
15,04-12-2021,AMARILLO,2
2,06-11-2021,NARANJA,2
7,03-04-2022,ROJO,2
45,16-08-2020,ROJO,2
14,10-02-2022,NARANJA,2
2,09-12-2019,AMARILLO,2
14,01-10-2021,AMARILLO,2
2,08-09-2020,NARANJA,2
71,21-02-2021,AMARILLO,2
7,03-06-2020,NARANJA,2
50,27-05-2022,AMARILLO,2
14,05-09-2021,NARANJA,2
11,03-01-2022,AMARILLO,2
2,08-02-2021,ROJO,2
45,18-06-2022,AMARILLO,2
14,21-09-2021,ROJO,2
46,01-12-2020,ROJO,2
14,10-10-2021,ROJO,2
51,09-06-2022,NARANJA,2
2,07-11-2019,NARANJA,2
71,16-02-2021,NARANJA,2
45,19-07-2021,NARANJA,2
38,15-06-2021,NARANJA,2
2,07-07-2020,NARANJA,2
7,03-05-2020,NARANJA,2
1,04-04-2022,AMARILLO,2
47,05-03-2022,AMARILLO,2
15,05-08-2022,ROJO,2
76,05-10-2021,AMARILLO,2
76,07-10-2021,NARANJA,2
38,03-06-2021,NARANJA,2
76,01-11-2021,NARANJA,2
52,07-06-2022,NARANJA,2
70,26-02-2022,NARANJA,2
16,05-04-2022,NARANJA,2
16,05-07-2022,NARANJA,2
38,02-01-2021,NARANJA,2
76,07-07-2022,ROJO,2
6,18-06-2022,NARANJA,2
80,24-12-2019,NARANJA,2
38,01-11-2021,NARANJA,2
1,13-06-2022,ROJO,2
70,25-09-2021,NARANJA,2
81,18-05-2022,ROJO,2
6,23-06-2020,ROJO,2
52,11-07-2022,NARANJA,2
6,19-07-2021,NARANJA,2
6,21-10-2020,NARANJA,2
37,30-11-2020,NARANJA,2
42,09-05-2022,AMARILLO,2
42,19-06-2022,AMARILLO,2
47,11-07-2020,ROJO,2
15,30-10-2021,NARANJA,2
38,08-05-2021,NARANJA,2
51,15-05-2022,NARANJA,2
6,14-10-2020,NARANJA,2
45,30-08-2020,NARANJA,2
76,16-10-2021,NARANJA,2
51,17-06-2022,NARANJA,2
51,19-06-2022,NARANJA,2
75,26-02-2022,ROJO,2
51,23-05-2022,NARANJA,2
76,15-06-2022,AMARILLO,2
47,05-12-2020,ROJO,2
45,30-05-2020,AMARILLO,2
71,01-09-2021,ROJO,2
38,06-03-2021,ROJO,2
75,27-04-2020,NARANJA,2
38,06-02-2022,NARANJA,2
1,17-07-2022,ROJO,2
51,29-06-2022,NARANJA,2
15,30-10-2021,AMARILLO,2
71,21-02-2021,NARANJA,2
6,10-07-2020,NARANJA,2
2,10-09-2020,NARANJA,2
46,05-02-2022,NARANJA,2
46,05-02-2022,ROJO,2
11,17-08-2021,NARANJA,2
11,18-01-2020,NARANJA,2
2,23-04-2020,NARANJA,2
38,24-02-2020,NARANJA,2
38,23-12-2021,NARANJA,2
45,14-06-2020,NARANJA,2
72,03-06-2021,NARANJA,2
13,09-05-2022,NARANJA,2
7,07-06-2022,ROJO,2
80,02-04-2020,AMARILLO,2
50,02-06-2022,NARANJA,2
2,20-08-2021,NARANJA,2
50,07-06-2022,AMARILLO,2
71,30-04-2021,AMARILLO,2
11,25-03-2022,AMARILLO,2
11,27-11-2021,AMARILLO,2
80,02-04-2020,NARANJA,2
38,25-09-2021,AMARILLO,2
72,07-09-2021,NARANJA,2
71,28-03-2020,ROJO,2
47,01-09-2021,AMARILLO,2
47,17-05-2022,AMARILLO,2
78,25-09-2021,NARANJA,2
2,25-06-2020,AMARILLO,2
2,25-03-2022,AMARILLO,2
7,10-06-2022,AMARILLO,2
11,04-06-2022,NARANJA,2
49,29-12-2020,NARANJA,2
11,04-09-2020,NARANJA,2
2,23-11-2019,NARANJA,2
38,25-09-2021,NARANJA,2
11,09-11-2021,AMARILLO,2
45,13-10-2020,NARANJA,2
38,25-11-2019,NARANJA,2
2,23-08-2020,NARANJA,2
11,10-06-2022,NARANJA,2
11,10-08-2021,AMARILLO,2
11,10-08-2021,NARANJA,2
78,26-10-2019,NARANJA,2
2,19-05-2022,AMARILLO,2
72,03-01-2022,NARANJA,2
77,13-02-2021,NARANJA,2
2,17-11-2020,NARANJA,2
7,04-04-2022,NARANJA,2
80,10-03-2021,NARANJA,2
38,18-11-2020,AMARILLO,2
2,15-05-2022,AMARILLO,2
71,25-06-2021,ROJO,2
2,17-02-2022,NARANJA,2
2,16-08-2020,NARANJA,2
47,13-11-2020,ROJO,2
46,02-11-2021,AMARILLO,2
80,07-05-2022,NARANJA,2
2,16-04-2020,NARANJA,2
2,15-10-2019,AMARILLO,2
50,19-06-2022,NARANJA,2
80,08-08-2021,NARANJA,2
71,24-02-2020,NARANJA,2
11,31-12-2021,NARANJA,2
45,16-05-2022,NARANJA,2
50,11-06-2022,AMARILLO,2
71,23-06-2021,AMARILLO,2
47,03-04-2020,ROJO,2
71,23-06-2021,NARANJA,2
2,18-02-2022,NARANJA,2
38,22-11-2021,AMARILLO,2
2,19-03-2022,AMARILLO,2
41,21-08-2020,ROJO,2
11,31-03-2022,NARANJA,2
2,19-03-2022,ROJO,2
50,09-06-2022,AMARILLO,2
11,30-07-2020,NARANJA,2
46,30-11-2020,AMARILLO,1
57,25-05-2022,AMARILLO,1
47,06-08-2022,AMARILLO,1
58,03-04-2020,AMARILLO,1
47,01-11-2021,AMARILLO,1
57,29-07-2021,AMARILLO,1
58,01-02-2020,AMARILLO,1
47,03-07-2020,AMARILLO,1
46,30-10-2021,AMARILLO,1
57,30-10-2020,AMARILLO,1
57,30-09-2021,AMARILLO,1
47,08-05-2020,AMARILLO,1
58,02-10-2021,AMARILLO,1
47,06-10-2020,AMARILLO,1
46,29-10-2021,AMARILLO,1
57,29-10-2020,NARANJA,1
58,01-10-2021,AMARILLO,1
57,31-03-2022,AMARILLO,1
47,06-07-2020,NARANJA,1
46,28-10-2021,AMARILLO,1
57,28-06-2020,AMARILLO,1
57,31-05-2022,AMARILLO,1
47,05-12-2020,AMARILLO,1
47,04-07-2020,AMARILLO,1
46,30-12-2021,AMARILLO,1
47,02-06-2022,AMARILLO,1
58,02-01-2022,AMARILLO,1
58,02-04-2020,AMARILLO,1
47,01-03-2021,NARANJA,1
46,28-06-2021,AMARILLO,1
47,05-12-2020,NARANJA,1
57,31-12-2021,NARANJA,1
57,29-07-2021,NARANJA,1
57,31-05-2020,AMARILLO,1
47,03-04-2020,NARANJA,1
57,27-11-2021,NARANJA,1
47,01-06-2020,AMARILLO,1
57,27-09-2020,AMARILLO,1
57,29-10-2020,AMARILLO,1
47,03-04-2020,AMARILLO,1
46,26-08-2020,AMARILLO,1
47,06-07-2020,AMARILLO,1
58,02-04-2020,NARANJA,1
46,11-11-2021,AMARILLO,1
58,03-04-2020,NARANJA,1
46,08-03-2021,AMARILLO,1
58,26-06-2020,NARANJA,1
58,26-06-2020,AMARILLO,1
46,01-04-2022,AMARILLO,1
58,25-11-2019,NARANJA,1
46,01-11-2021,AMARILLO,1
58,25-10-2019,AMARILLO,1
58,25-01-2021,AMARILLO,1
58,24-08-2020,NARANJA,1
46,02-01-2022,AMARILLO,1
46,02-01-2022,NARANJA,1
46,02-11-2020,AMARILLO,1
58,24-08-2020,AMARILLO,1
46,03-12-2020,NARANJA,1
46,04-04-2022,AMARILLO,1
58,21-09-2021,AMARILLO,1
58,21-02-2021,AMARILLO,1
58,18-01-2021,NARANJA,1
58,18-01-2021,AMARILLO,1
58,17-03-2022,AMARILLO,1
58,16-08-2020,AMARILLO,1
58,16-07-2020,NARANJA,1
58,16-07-2020,AMARILLO,1
46,06-03-2021,AMARILLO,1
58,16-04-2020,NARANJA,1
58,15-03-2022,AMARILLO,1
58,26-10-2020,AMARILLO,1
58,26-10-2020,NARANJA,1
45,31-10-2021,AMARILLO,1
59,02-06-2022,AMARILLO,1
59,07-06-2022,NARANJA,1
45,25-05-2022,AMARILLO,1
59,07-06-2022,AMARILLO,1
45,25-05-2022,NARANJA,1
59,06-10-2020,NARANJA,1
59,05-06-2022,AMARILLO,1
59,03-04-2020,NARANJA,1
59,02-06-2022,NARANJA,1
45,25-10-2019,AMARILLO,1
45,25-12-2019,AMARILLO,1
45,26-07-2020,AMARILLO,1
59,02-01-2022,NARANJA,1
58,28-02-2020,AMARILLO,1
59,02-01-2022,AMARILLO,1
59,01-06-2020,NARANJA,1
59,01-06-2020,AMARILLO,1
45,26-07-2020,NARANJA,1
45,27-02-2021,AMARILLO,1
45,29-12-2021,AMARILLO,1
45,30-05-2020,NARANJA,1
58,29-09-2020,NARANJA,1
58,29-09-2020,AMARILLO,1
58,28-08-2021,AMARILLO,1
58,28-02-2020,NARANJA,1
46,06-06-2022,AMARILLO,1
46,08-03-2021,NARANJA,1
58,05-06-2022,ROJO,1
58,12-07-2021,AMARILLO,1
58,09-10-2019,AMARILLO,1
58,09-09-2020,NARANJA,1
58,09-09-2020,AMARILLO,1
46,16-02-2021,ROJO,1
46,16-08-2021,AMARILLO,1
46,16-11-2020,AMARILLO,1
46,16-11-2021,AMARILLO,1
58,09-06-2022,AMARILLO,1
46,17-05-2022,AMARILLO,1
58,09-01-2022,AMARILLO,1
46,17-05-2022,NARANJA,1
46,17-11-2021,AMARILLO,1
58,08-06-2022,NARANJA,1
58,08-06-2022,AMARILLO,1
46,21-11-2021,AMARILLO,1
46,22-11-2020,NARANJA,1
58,07-06-2022,NARANJA,1
46,22-11-2020,ROJO,1
46,22-11-2021,AMARILLO,1
58,07-06-2022,AMARILLO,1
58,07-05-2020,AMARILLO,1
46,24-10-2019,NARANJA,1
58,06-07-2020,AMARILLO,1
58,06-06-2022,NARANJA,1
58,06-06-2022,AMARILLO,1
58,10-03-2021,AMARILLO,1
58,10-07-2020,AMARILLO,1
58,10-07-2020,ROJO,1
58,11-06-2022,AMARILLO,1
46,09-01-2022,AMARILLO,1
58,12-06-2022,NARANJA,1
58,11-10-2020,NARANJA,1
58,11-07-2021,NARANJA,1
46,09-01-2022,NARANJA,1
58,11-07-2021,AMARILLO,1
58,11-07-2020,NARANJA,1
58,11-07-2020,AMARILLO,1
46,09-05-2022,AMARILLO,1
46,09-05-2022,NARANJA,1
46,10-06-2022,AMARILLO,1
58,11-02-2021,AMARILLO,1
46,16-02-2021,AMARILLO,1
46,10-06-2022,NARANJA,1
57,23-11-2019,NARANJA,1
58,10-10-2021,NARANJA,1
58,10-10-2020,AMARILLO,1
58,10-10-2019,AMARILLO,1
46,11-11-2021,NARANJA,1
46,12-05-2022,AMARILLO,1
58,10-09-2020,ROJO,1
46,12-11-2021,AMARILLO,1
46,12-11-2021,NARANJA,1
58,10-07-2021,AMARILLO,1
57,23-11-2019,ROJO,1
52,14-06-2022,AMARILLO,1
57,23-11-2019,AMARILLO,1
55,25-07-2022,AMARILLO,1
49,31-03-2022,AMARILLO,1
55,12-07-2022,AMARILLO,1
55,17-06-2022,AMARILLO,1
55,18-06-2022,AMARILLO,1
55,19-08-2022,AMARILLO,1
55,24-06-2022,AMARILLO,1
49,30-06-2022,AMARILLO,1
55,26-07-2022,AMARILLO,1
49,07-09-2021,AMARILLO,1
49,27-11-2021,NARANJA,1
55,28-09-2022,AMARILLO,1
49,27-11-2021,AMARILLO,1
55,28-09-2022,NARANJA,1
49,27-08-2020,AMARILLO,1
55,28-09-2022,ROJO,1
49,26-08-2022,NARANJA,1
55,10-07-2022,NARANJA,1
49,31-03-2022,NARANJA,1
50,01-07-2022,NARANJA,1
55,08-07-2022,AMARILLO,1
50,13-06-2022,AMARILLO,1
53,23-01-2022,AMARILLO,1
53,23-01-2022,NARANJA,1
53,23-04-2021,AMARILLO,1
53,23-04-2021,NARANJA,1
53,25-09-2021,AMARILLO,1
50,09-06-2022,NARANJA,1
50,08-07-2022,ROJO,1
53,25-10-2021,AMARILLO,1
53,26-08-2021,AMARILLO,1
53,29-04-2021,NARANJA,1
53,29-06-2021,AMARILLO,1
50,02-06-2022,AMARILLO,1
53,29-10-2021,AMARILLO,1
53,30-09-2020,AMARILLO,1
49,26-08-2022,AMARILLO,1
55,30-05-2022,NARANJA,1
55,30-05-2022,ROJO,1
56,07-10-2020,NARANJA,1
56,08-09-2020,AMARILLO,1
49,13-11-2020,AMARILLO,1
56,09-05-2022,AMARILLO,1
49,11-06-2022,AMARILLO,1
56,09-10-2021,NARANJA,1
49,11-03-2021,AMARILLO,1
56,10-01-2021,AMARILLO,1
56,10-03-2021,AMARILLO,1
49,09-09-2021,AMARILLO,1
49,09-09-2020,AMARILLO,1
56,10-05-2022,NARANJA,1
49,07-09-2021,NARANJA,1
56,10-07-2020,AMARILLO,1
56,10-07-2020,NARANJA,1
56,10-07-2020,ROJO,1
56,07-11-2020,AMARILLO,1
49,14-10-2019,AMARILLO,1
49,24-08-2020,AMARILLO,1
49,17-08-2021,AMARILLO,1
49,24-01-2020,AMARILLO,1
55,31-05-2022,ROJO,1
49,22-08-2021,NARANJA,1
49,22-08-2021,AMARILLO,1
56,01-03-2021,AMARILLO,1
56,01-07-2022,NARANJA,1
56,02-07-2020,NARANJA,1
49,21-08-2021,AMARILLO,1
56,03-04-2020,AMARILLO,1
49,19-11-2020,NARANJA,1
49,19-08-2020,AMARILLO,1
56,04-02-2021,AMARILLO,1
49,18-10-2021,NARANJA,1
49,18-10-2021,AMARILLO,1
49,17-08-2021,NARANJA,1
53,22-11-2021,AMARILLO,1
53,21-11-2021,AMARILLO,1
50,13-06-2022,NARANJA,1
52,29-09-2022,AMARILLO,1
52,30-05-2022,AMARILLO,1
51,29-06-2022,AMARILLO,1
51,26-06-2022,AMARILLO,1
52,30-06-2022,AMARILLO,1
53,01-06-2022,NARANJA,1
53,02-06-2021,AMARILLO,1
53,02-06-2021,NARANJA,1
51,23-05-2022,AMARILLO,1
51,19-06-2022,AMARILLO,1
53,02-12-2021,AMARILLO,1
51,17-06-2022,AMARILLO,1
53,03-03-2022,AMARILLO,1
53,04-03-2022,AMARILLO,1
51,14-08-2022,AMARILLO,1
53,05-02-2022,AMARILLO,1
52,05-08-2022,AMARILLO,1
52,05-08-2022,NARANJA,1
53,07-10-2020,AMARILLO,1
52,29-08-2022,AMARILLO,1
52,14-06-2022,NARANJA,1
52,12-08-2022,AMARILLO,1
52,11-07-2022,AMARILLO,1
52,11-06-2022,NARANJA,1
52,18-05-2022,AMARILLO,1
52,18-05-2022,NARANJA,1
52,20-05-2022,AMARILLO,1
52,20-06-2022,AMARILLO,1
52,24-09-2022,AMARILLO,1
52,10-06-2022,AMARILLO,1
52,07-06-2022,AMARILLO,1
52,06-06-2022,AMARILLO,1
52,28-06-2022,AMARILLO,1
52,06-05-2022,NARANJA,1
52,06-05-2022,AMARILLO,1
53,05-10-2020,NARANJA,1
53,07-10-2020,NARANJA,1
50,17-07-2022,AMARILLO,1
51,01-06-2022,AMARILLO,1
53,17-06-2021,AMARILLO,1
50,26-06-2022,NARANJA,1
53,17-06-2021,NARANJA,1
53,17-08-2021,AMARILLO,1
50,25-06-2022,NARANJA,1
53,17-10-2021,AMARILLO,1
53,17-10-2021,NARANJA,1
53,18-06-2022,AMARILLO,1
53,18-12-2021,AMARILLO,1
53,19-11-2021,AMARILLO,1
53,20-11-2021,AMARILLO,1
53,21-02-2022,AMARILLO,1
50,25-06-2022,AMARILLO,1
53,21-10-2020,NARANJA,1
50,19-06-2022,AMARILLO,1
50,28-06-2022,AMARILLO,1
51,01-06-2022,NARANJA,1
51,14-07-2022,NARANJA,1
51,09-06-2022,AMARILLO,1
51,14-07-2022,AMARILLO,1
53,07-11-2020,AMARILLO,1
53,07-11-2020,NARANJA,1
53,10-05-2022,NARANJA,1
53,11-10-2021,AMARILLO,1
51,14-05-2022,ROJO,1
53,11-10-2021,NARANJA,1
51,14-05-2022,NARANJA,1
51,14-05-2022,AMARILLO,1
53,14-03-2022,AMARILLO,1
51,13-06-2022,AMARILLO,1
51,13-05-2022,NARANJA,1
51,10-07-2022,AMARILLO,1
51,10-05-2022,AMARILLO,1
59,09-05-2022,AMARILLO,1
56,10-10-2020,AMARILLO,1
56,13-07-2020,AMARILLO,1
47,08-05-2020,NARANJA,1
47,21-10-2020,AMARILLO,1
47,23-11-2020,AMARILLO,1
57,11-07-2021,AMARILLO,1
47,23-06-2020,AMARILLO,1
57,11-07-2021,ROJO,1
57,11-10-2019,NARANJA,1
47,21-10-2020,NARANJA,1
57,11-11-2019,AMARILLO,1
57,13-10-2021,AMARILLO,1
49,07-06-2022,NARANJA,1
47,20-12-2019,AMARILLO,1
57,13-12-2020,AMARILLO,1
47,19-08-2020,AMARILLO,1
57,14-04-2020,AMARILLO,1
47,18-08-2021,AMARILLO,1
57,14-09-2020,AMARILLO,1
47,18-07-2022,AMARILLO,1
57,08-05-2020,AMARILLO,1
47,23-11-2020,NARANJA,1
47,24-07-2020,NARANJA,1
47,24-08-2020,AMARILLO,1
57,06-10-2020,AMARILLO,1
57,06-10-2020,NARANJA,1
47,26-08-2021,NARANJA,1
57,06-12-2021,AMARILLO,1
47,26-08-2021,AMARILLO,1
47,26-07-2020,NARANJA,1
47,26-07-2020,AMARILLO,1
57,07-06-2022,AMARILLO,1
47,26-06-2022,AMARILLO,1
57,07-06-2022,NARANJA,1
57,07-09-2020,AMARILLO,1
47,25-10-2019,AMARILLO,1
57,07-09-2021,AMARILLO,1
47,25-06-2022,AMARILLO,1
57,07-09-2021,NARANJA,1
57,14-10-2020,AMARILLO,1
47,17-07-2022,NARANJA,1
47,17-05-2022,NARANJA,1
47,12-09-2022,AMARILLO,1
47,11-11-2019,NARANJA,1
47,11-11-2019,AMARILLO,1
57,19-10-2021,AMARILLO,1
57,19-10-2021,NARANJA,1
47,11-10-2020,AMARILLO,1
47,11-07-2020,NARANJA,1
47,10-10-2020,AMARILLO,1
47,10-09-2020,NARANJA,1
47,10-07-2020,AMARILLO,1
47,09-10-2019,AMARILLO,1
57,20-05-2020,AMARILLO,1
47,09-09-2020,AMARILLO,1
47,09-05-2022,AMARILLO,1
57,22-06-2020,AMARILLO,1
57,22-06-2020,NARANJA,1
47,12-06-2020,NARANJA,1
57,19-02-2022,AMARILLO,1
47,17-05-2020,AMARILLO,1
47,13-06-2022,AMARILLO,1
47,16-08-2020,AMARILLO,1
57,15-04-2020,AMARILLO,1
47,15-06-2022,AMARILLO,1
57,15-05-2020,AMARILLO,1
47,14-10-2019,NARANJA,1
47,14-08-2022,AMARILLO,1
57,15-10-2020,AMARILLO,1
57,16-07-2020,AMARILLO,1
57,16-08-2020,AMARILLO,1
57,16-08-2020,NARANJA,1
57,17-12-2021,AMARILLO,1
47,13-11-2020,NARANJA,1
47,13-10-2019,AMARILLO,1
47,13-08-2021,AMARILLO,1
47,13-07-2020,AMARILLO,1
57,06-05-2022,AMARILLO,1
57,05-12-2021,AMARILLO,1
47,27-08-2021,AMARILLO,1
56,21-10-2021,AMARILLO,1
49,03-04-2022,NARANJA,1
56,21-10-2021,NARANJA,1
56,22-01-2020,AMARILLO,1
49,03-04-2022,AMARILLO,1
56,24-05-2020,AMARILLO,1
56,24-09-2021,AMARILLO,1
49,02-12-2020,AMARILLO,1
56,25-09-2021,AMARILLO,1
56,25-10-2020,AMARILLO,1
49,02-06-2022,NARANJA,1
56,26-08-2021,NARANJA,1
56,26-08-2021,ROJO,1
49,02-06-2022,AMARILLO,1
48,22-05-2022,AMARILLO,1
56,26-09-2020,AMARILLO,1
49,03-11-2020,AMARILLO,1
56,21-10-2020,AMARILLO,1
47,31-10-2020,NARANJA,1
56,20-12-2020,AMARILLO,1
56,14-04-2020,AMARILLO,1
56,14-04-2020,NARANJA,1
56,14-06-2020,AMARILLO,1
56,15-08-2021,AMARILLO,1
56,15-10-2020,AMARILLO,1
49,05-12-2020,AMARILLO,1
56,17-05-2020,AMARILLO,1
56,17-05-2020,NARANJA,1
56,17-05-2020,ROJO,1
56,17-08-2021,AMARILLO,1
49,05-04-2022,AMARILLO,1
49,04-10-2020,AMARILLO,1
56,19-08-2021,ROJO,1
56,20-03-2022,AMARILLO,1
56,20-09-2020,NARANJA,1
56,26-09-2020,NARANJA,1
56,27-05-2020,AMARILLO,1
57,04-10-2020,AMARILLO,1
47,27-12-2021,NARANJA,1
56,30-07-2020,AMARILLO,1
47,27-12-2021,AMARILLO,1
56,30-07-2020,NARANJA,1
56,30-07-2020,ROJO,1
57,02-07-2020,AMARILLO,1
57,02-10-2020,AMARILLO,1
57,02-10-2020,NARANJA,1
47,27-11-2021,AMARILLO,1
57,02-11-2020,AMARILLO,1
47,27-10-2021,NARANJA,1
47,27-10-2021,AMARILLO,1
57,03-01-2022,AMARILLO,1
57,03-11-2020,AMARILLO,1
57,03-12-2020,AMARILLO,1
47,27-08-2021,NARANJA,1
56,30-06-2022,AMARILLO,1
56,29-09-2020,NARANJA,1
47,31-10-2020,AMARILLO,1
56,29-07-2021,ROJO,1
47,31-03-2022,AMARILLO,1
47,30-06-2022,NARANJA,1
56,28-02-2021,AMARILLO,1
47,30-06-2022,AMARILLO,1
56,28-02-2021,NARANJA,1
56,28-02-2021,ROJO,1
47,30-06-2020,NARANJA,1
47,30-06-2020,AMARILLO,1
56,28-10-2021,AMARILLO,1
56,28-10-2021,NARANJA,1
47,30-03-2022,AMARILLO,1
56,29-06-2020,AMARILLO,1
56,29-06-2020,ROJO,1
56,29-07-2021,NARANJA,1
47,28-10-2021,AMARILLO,1
1,01-04-2022,AMARILLO,1
63,11-05-2021,NARANJA,1
59,09-05-2022,NARANJA,1
71,09-05-2021,NARANJA,1
71,25-06-2021,AMARILLO,1
71,25-06-2021,NARANJA,1
71,26-06-2021,AMARILLO,1
71,27-08-2021,NARANJA,1
71,27-12-2020,AMARILLO,1
71,28-03-2020,AMARILLO,1
71,28-03-2020,NARANJA,1
71,28-08-2021,NARANJA,1
71,28-08-2021,ROJO,1
72,01-05-2021,AMARILLO,1
72,03-01-2022,AMARILLO,1
72,03-05-2020,NARANJA,1
72,04-03-2021,AMARILLO,1
72,04-03-2021,NARANJA,1
72,04-11-2019,AMARILLO,1
72,04-11-2019,NARANJA,1
72,06-11-2019,AMARILLO,1
72,10-06-2021,AMARILLO,1
72,13-04-2020,AMARILLO,1
72,13-06-2020,NARANJA,1
72,16-05-2022,AMARILLO,1
72,16-05-2022,NARANJA,1
72,19-11-2019,AMARILLO,1
71,24-09-2020,AMARILLO,1
71,24-02-2021,AMARILLO,1
71,24-02-2020,ROJO,1
71,14-10-2019,NARANJA,1
71,10-07-2021,AMARILLO,1
71,11-04-2020,AMARILLO,1
71,11-04-2020,NARANJA,1
71,12-09-2020,AMARILLO,1
71,12-09-2020,NARANJA,1
71,14-04-2020,AMARILLO,1
71,14-04-2020,NARANJA,1
71,14-09-2020,AMARILLO,1
71,14-09-2020,NARANJA,1
71,14-10-2019,AMARILLO,1
71,16-02-2021,AMARILLO,1
71,24-02-2020,AMARILLO,1
71,17-02-2021,AMARILLO,1
71,17-02-2021,NARANJA,1
71,17-08-2021,AMARILLO,1
71,17-08-2021,NARANJA,1
71,19-07-2021,AMARILLO,1
71,19-07-2021,NARANJA,1
71,20-04-2020,AMARILLO,1
71,20-04-2020,NARANJA,1
71,21-04-2020,AMARILLO,1
71,23-06-2021,ROJO,1
72,21-05-2020,AMARILLO,1
72,21-11-2020,AMARILLO,1
72,22-05-2020,NARANJA,1
73,11-06-2022,AMARILLO,1
73,06-03-2021,AMARILLO,1
73,07-04-2020,AMARILLO,1
73,07-09-2021,AMARILLO,1
73,08-09-2021,AMARILLO,1
73,09-05-2021,AMARILLO,1
73,09-05-2021,ROJO,1
73,09-06-2022,AMARILLO,1
73,10-05-2022,AMARILLO,1
73,11-01-2021,AMARILLO,1
73,11-05-2022,AMARILLO,1
73,11-07-2022,AMARILLO,1
73,03-09-2021,ROJO,1
73,12-10-2021,AMARILLO,1
73,13-01-2021,AMARILLO,1
73,13-03-2020,ROJO,1
73,13-03-2021,AMARILLO,1
73,14-06-2021,AMARILLO,1
73,14-10-2019,AMARILLO,1
73,14-11-2021,AMARILLO,1
73,15-11-2021,AMARILLO,1
73,16-06-2022,AMARILLO,1
73,16-06-2022,NARANJA,1
73,05-09-2021,AMARILLO,1
73,03-09-2021,NARANJA,1
72,22-11-2020,AMARILLO,1
72,29-12-2021,AMARILLO,1
72,23-05-2022,AMARILLO,1
72,23-06-2020,AMARILLO,1
72,23-09-2021,NARANJA,1
72,23-09-2021,ROJO,1
72,23-11-2020,AMARILLO,1
72,23-11-2020,NARANJA,1
72,24-01-2020,NARANJA,1
72,25-10-2019,AMARILLO,1
72,25-10-2019,NARANJA,1
72,27-08-2021,AMARILLO,1
72,30-01-2020,NARANJA,1
73,03-04-2022,AMARILLO,1
72,30-05-2020,AMARILLO,1
72,30-09-2021,AMARILLO,1
72,31-05-2020,NARANJA,1
72,31-05-2022,AMARILLO,1
72,31-05-2022,ROJO,1
73,01-05-2021,AMARILLO,1
73,02-01-2022,AMARILLO,1
73,02-09-2021,AMARILLO,1
73,02-09-2021,NARANJA,1
73,03-01-2022,AMARILLO,1
71,09-05-2021,ROJO,1
71,09-05-2021,AMARILLO,1
69,21-03-2022,AMARILLO,1
71,08-03-2021,AMARILLO,1
70,01-01-2020,AMARILLO,1
70,01-01-2020,NARANJA,1
70,01-11-2021,AMARILLO,1
70,02-06-2022,AMARILLO,1
70,02-06-2022,NARANJA,1
70,03-03-2022,AMARILLO,1
70,04-03-2022,AMARILLO,1
70,05-04-2022,AMARILLO,1
70,05-04-2022,NARANJA,1
70,05-05-2022,AMARILLO,1
70,09-01-2022,NARANJA,1
70,10-08-2021,AMARILLO,1
70,10-10-2021,AMARILLO,1
70,10-10-2021,NARANJA,1
70,11-06-2022,AMARILLO,1
70,11-06-2022,ROJO,1
70,12-05-2022,AMARILLO,1
70,12-05-2022,NARANJA,1
70,12-11-2021,AMARILLO,1
70,13-11-2021,AMARILLO,1
70,14-03-2022,AMARILLO,1
70,15-03-2022,AMARILLO,1
70,15-08-2021,AMARILLO,1
69,30-05-2022,AMARILLO,1
69,29-07-2020,AMARILLO,1
69,29-03-2020,AMARILLO,1
69,26-02-2022,AMARILLO,1
69,21-11-2019,NARANJA,1
69,23-12-2021,AMARILLO,1
69,23-12-2021,NARANJA,1
69,24-09-2021,AMARILLO,1
69,24-09-2021,NARANJA,1
69,24-11-2019,AMARILLO,1
69,25-09-2021,AMARILLO,1
69,25-09-2021,NARANJA,1
69,25-11-2021,AMARILLO,1
69,25-11-2021,NARANJA,1
69,26-03-2022,AMARILLO,1
69,28-10-2019,AMARILLO,1
69,26-03-2022,NARANJA,1
69,26-07-2020,AMARILLO,1
69,26-07-2020,NARANJA,1
69,26-08-2021,AMARILLO,1
69,26-08-2021,NARANJA,1
69,26-11-2021,AMARILLO,1
69,26-11-2021,NARANJA,1
69,27-02-2020,AMARILLO,1
69,27-12-2020,AMARILLO,1
69,28-07-2021,AMARILLO,1
70,15-08-2021,NARANJA,1
70,17-10-2021,AMARILLO,1
70,17-11-2021,AMARILLO,1
71,01-09-2021,AMARILLO,1
70,27-11-2020,AMARILLO,1
70,28-10-2021,AMARILLO,1
70,28-10-2021,NARANJA,1
70,29-01-2022,AMARILLO,1
70,29-01-2022,NARANJA,1
70,29-03-2022,AMARILLO,1
70,29-03-2022,NARANJA,1
70,30-05-2022,AMARILLO,1
70,30-09-2021,AMARILLO,1
71,01-03-2021,AMARILLO,1
71,01-09-2021,NARANJA,1
70,26-11-2021,AMARILLO,1
71,02-04-2020,AMARILLO,1
71,03-04-2020,AMARILLO,1
71,03-04-2020,NARANJA,1
71,03-04-2020,ROJO,1
71,03-06-2021,AMARILLO,1
71,03-06-2021,NARANJA,1
71,04-05-2021,AMARILLO,1
71,04-05-2021,NARANJA,1
71,04-05-2021,ROJO,1
71,04-09-2020,AMARILLO,1
70,26-11-2021,NARANJA,1
70,25-11-2020,NARANJA,1
70,18-01-2022,AMARILLO,1
70,21-09-2021,NARANJA,1
70,18-02-2022,AMARILLO,1
70,18-11-2021,AMARILLO,1
70,19-08-2021,AMARILLO,1
70,19-11-2019,AMARILLO,1
70,20-02-2022,AMARILLO,1
70,20-02-2022,NARANJA,1
70,20-03-2022,AMARILLO,1
70,20-03-2022,NARANJA,1
70,21-04-2020,AMARILLO,1
70,21-09-2021,AMARILLO,1
70,22-11-2021,AMARILLO,1
70,25-11-2020,AMARILLO,1
70,23-11-2021,AMARILLO,1
70,24-02-2022,AMARILLO,1
70,24-02-2022,NARANJA,1
70,24-05-2022,AMARILLO,1
70,24-09-2021,ROJO,1
70,25-05-2022,AMARILLO,1
70,25-05-2022,NARANJA,1
70,25-06-2022,AMARILLO,1
70,25-06-2022,NARANJA,1
70,25-09-2021,ROJO,1
73,16-10-2021,AMARILLO,1
73,16-11-2019,AMARILLO,1
73,18-06-2022,AMARILLO,1
73,19-07-2021,AMARILLO,1
77,16-12-2019,NARANJA,1
77,17-02-2021,AMARILLO,1
77,17-05-2022,AMARILLO,1
77,18-08-2021,NARANJA,1
77,19-08-2021,AMARILLO,1
77,19-08-2021,NARANJA,1
77,22-10-2019,AMARILLO,1
77,24-01-2020,AMARILLO,1
77,24-02-2022,AMARILLO,1
77,24-11-2019,AMARILLO,1
77,25-10-2019,AMARILLO,1
77,27-06-2022,AMARILLO,1
77,27-06-2022,NARANJA,1
77,28-06-2022,AMARILLO,1
77,28-06-2022,NARANJA,1
78,01-11-2021,AMARILLO,1
78,03-05-2020,AMARILLO,1
78,04-01-2020,AMARILLO,1
78,05-10-2021,NARANJA,1
78,09-11-2021,AMARILLO,1
78,09-11-2021,NARANJA,1
78,09-11-2021,ROJO,1
78,10-11-2021,AMARILLO,1
77,14-10-2019,AMARILLO,1
77,14-08-2020,AMARILLO,1
77,13-11-2019,NARANJA,1
76,29-06-2022,AMARILLO,1
76,18-02-2022,AMARILLO,1
76,18-02-2022,NARANJA,1
76,18-06-2022,AMARILLO,1
76,18-06-2022,NARANJA,1
76,19-05-2022,AMARILLO,1
76,19-05-2022,NARANJA,1
76,19-06-2022,AMARILLO,1
76,20-10-2021,AMARILLO,1
76,25-05-2022,AMARILLO,1
76,27-06-2022,AMARILLO,1
76,30-06-2022,AMARILLO,1
77,13-02-2021,AMARILLO,1
76,30-10-2021,AMARILLO,1
77,01-06-2022,AMARILLO,1
77,01-06-2022,NARANJA,1
77,01-06-2022,ROJO,1
77,08-02-2022,AMARILLO,1
77,08-02-2022,NARANJA,1
77,09-05-2022,AMARILLO,1
77,09-05-2022,NARANJA,1
77,11-06-2022,AMARILLO,1
77,12-02-2021,AMARILLO,1
78,10-11-2021,NARANJA,1
78,15-10-2019,AMARILLO,1
78,15-10-2019,NARANJA,1
80,27-12-2019,AMARILLO,1
80,20-09-2022,AMARILLO,1
80,20-09-2022,NARANJA,1
80,20-12-2019,AMARILLO,1
80,22-06-2022,AMARILLO,1
80,22-06-2022,NARANJA,1
80,23-02-2021,AMARILLO,1
80,23-02-2021,NARANJA,1
80,23-05-2022,NARANJA,1
80,25-07-2020,AMARILLO,1
80,25-12-2019,AMARILLO,1
80,27-12-2019,NARANJA,1
80,12-03-2020,AMARILLO,1
80,29-10-2019,NARANJA,1
81,10-05-2022,AMARILLO,1
81,10-05-2022,NARANJA,1
81,11-05-2022,AMARILLO,1
81,17-05-2022,AMARILLO,1
81,18-05-2022,AMARILLO,1
81,18-05-2022,NARANJA,1
81,27-06-2022,AMARILLO,1
85,15-09-2022,AMARILLO,1
90,06-08-2022,ROJO,1
80,18-12-2019,AMARILLO,1
80,10-09-2020,AMARILLO,1
78,17-10-2021,NARANJA,1
78,22-11-2021,NARANJA,1
78,17-12-2019,AMARILLO,1
78,18-10-2021,AMARILLO,1
78,18-10-2021,ROJO,1
78,19-09-2021,AMARILLO,1
78,20-08-2021,AMARILLO,1
78,20-08-2021,NARANJA,1
78,21-09-2021,AMARILLO,1
78,21-11-2021,AMARILLO,1
78,21-11-2021,NARANJA,1
78,22-11-2021,AMARILLO,1
78,24-01-2020,AMARILLO,1
80,10-03-2021,AMARILLO,1
78,24-01-2020,NARANJA,1
78,24-09-2021,ROJO,1
78,25-09-2021,ROJO,1
78,26-10-2019,AMARILLO,1
78,26-11-2019,AMARILLO,1
78,28-10-2021,AMARILLO,1
80,01-09-2020,AMARILLO,1
80,04-02-2021,AMARILLO,1
80,04-02-2021,NARANJA,1
80,07-05-2022,AMARILLO,1
76,17-07-2022,NARANJA,1
76,17-07-2022,AMARILLO,1
76,16-10-2021,AMARILLO,1
75,04-09-2020,AMARILLO,1
75,02-04-2020,AMARILLO,1
75,02-08-2020,AMARILLO,1
75,02-08-2020,NARANJA,1
75,02-11-2020,AMARILLO,1
75,02-11-2020,NARANJA,1
75,03-01-2022,AMARILLO,1
75,03-04-2020,AMARILLO,1
75,03-04-2022,AMARILLO,1
75,03-08-2020,AMARILLO,1
75,03-10-2021,AMARILLO,1
75,05-01-2021,AMARILLO,1
73,31-05-2021,AMARILLO,1
75,05-01-2021,NARANJA,1
75,05-03-2021,AMARILLO,1
75,05-12-2020,AMARILLO,1
75,07-02-2022,AMARILLO,1
75,08-11-2019,AMARILLO,1
75,09-01-2022,NARANJA,1
75,09-02-2022,AMARILLO,1
75,09-02-2022,NARANJA,1
75,09-12-2019,AMARILLO,1
75,09-12-2019,NARANJA,1
75,01-02-2020,AMARILLO,1
73,30-10-2021,AMARILLO,1
75,13-11-2019,AMARILLO,1
73,23-06-2021,AMARILLO,1
73,19-07-2021,NARANJA,1
73,20-02-2022,AMARILLO,1
73,20-10-2021,AMARILLO,1
73,20-10-2021,NARANJA,1
73,21-05-2021,AMARILLO,1
73,22-08-2021,AMARILLO,1
73,22-08-2021,NARANJA,1
73,23-02-2022,AMARILLO,1
73,23-03-2020,AMARILLO,1
73,23-05-2022,AMARILLO,1
73,23-09-2021,AMARILLO,1
73,30-03-2022,AMARILLO,1
73,25-02-2021,AMARILLO,1
73,25-11-2019,AMARILLO,1
73,25-12-2019,AMARILLO,1
73,26-06-2021,AMARILLO,1
73,26-11-2021,AMARILLO,1
73,27-05-2021,AMARILLO,1
73,27-06-2021,AMARILLO,1
73,28-10-2021,AMARILLO,1
73,29-04-2021,AMARILLO,1
73,29-06-2022,AMARILLO,1
75,11-06-2022,AMARILLO,1
75,13-11-2019,NARANJA,1
76,13-08-2022,NARANJA,1
76,01-11-2021,AMARILLO,1
75,25-05-2022,AMARILLO,1
75,26-02-2022,NARANJA,1
75,26-06-2022,AMARILLO,1
75,27-03-2022,AMARILLO,1
75,28-06-2022,AMARILLO,1
75,28-12-2019,AMARILLO,1
75,30-11-2020,AMARILLO,1
75,30-11-2020,NARANJA,1
75,30-12-2021,AMARILLO,1
75,31-03-2022,AMARILLO,1
76,02-08-2022,AMARILLO,1
75,24-11-2020,AMARILLO,1
76,06-06-2022,AMARILLO,1
76,06-06-2022,NARANJA,1
76,07-07-2022,AMARILLO,1
76,07-07-2022,NARANJA,1
76,07-10-2021,AMARILLO,1
76,08-10-2021,NARANJA,1
76,09-02-2022,AMARILLO,1
76,09-02-2022,NARANJA,1
76,09-10-2021,AMARILLO,1
76,13-08-2022,AMARILLO,1
75,24-11-2020,NARANJA,1
75,24-09-2020,AMARILLO,1
75,14-06-2022,AMARILLO,1
75,18-06-2022,AMARILLO,1
75,14-06-2022,NARANJA,1
75,14-11-2019,AMARILLO,1
75,15-10-2019,AMARILLO,1
75,16-03-2020,AMARILLO,1
75,16-03-2020,NARANJA,1
75,16-03-2020,ROJO,1
75,18-04-2020,AMARILLO,1
75,18-04-2020,NARANJA,1
75,18-05-2022,AMARILLO,1
75,18-06-2020,AMARILLO,1
75,18-06-2022,NARANJA,1
75,22-08-2020,AMARILLO,1
75,18-08-2021,AMARILLO,1
75,19-07-2020,AMARILLO,1
75,19-10-2019,NARANJA,1
75,21-02-2021,AMARILLO,1
75,21-02-2021,NARANJA,1
75,21-05-2022,AMARILLO,1
75,21-06-2020,AMARILLO,1
75,21-08-2021,AMARILLO,1
75,21-08-2021,NARANJA,1
75,21-12-2020,NARANJA,1
69,21-11-2019,AMARILLO,1
69,20-11-2019,NARANJA,1
59,10-02-2021,NARANJA,1
61,18-05-2022,NARANJA,1
62,04-11-2019,AMARILLO,1
62,04-11-2019,NARANJA,1
62,05-02-2022,AMARILLO,1
62,05-06-2022,AMARILLO,1
62,06-06-2022,AMARILLO,1
62,07-02-2022,AMARILLO,1
62,10-05-2022,AMARILLO,1
62,11-06-2022,AMARILLO,1
62,11-06-2022,NARANJA,1
62,14-05-2022,AMARILLO,1
62,15-06-2022,AMARILLO,1
62,18-06-2022,AMARILLO,1
62,18-06-2022,NARANJA,1
62,20-02-2022,AMARILLO,1
62,20-06-2022,AMARILLO,1
62,25-06-2022,AMARILLO,1
62,25-10-2019,NARANJA,1
62,28-02-2022,AMARILLO,1
62,28-02-2022,NARANJA,1
62,28-02-2022,ROJO,1
62,28-06-2022,NARANJA,1
63,01-11-2021,AMARILLO,1
63,01-12-2020,AMARILLO,1
62,02-06-2022,AMARILLO,1
61,31-03-2022,NARANJA,1
61,31-03-2022,AMARILLO,1
61,24-11-2020,AMARILLO,1
61,19-02-2022,NARANJA,1
61,19-09-2020,AMARILLO,1
61,19-09-2020,NARANJA,1
61,20-05-2022,AMARILLO,1
61,20-10-2019,NARANJA,1
61,21-10-2019,NARANJA,1
61,21-10-2020,AMARILLO,1
61,21-10-2020,NARANJA,1
61,23-05-2020,AMARILLO,1
61,24-11-2019,AMARILLO,1
61,25-01-2021,AMARILLO,1
61,30-06-2020,AMARILLO,1
61,25-01-2021,NARANJA,1
61,26-10-2019,AMARILLO,1
61,27-03-2022,AMARILLO,1
61,27-08-2020,AMARILLO,1
61,28-02-2022,AMARILLO,1
61,28-12-2021,AMARILLO,1
61,29-09-2020,AMARILLO,1
61,29-09-2020,ROJO,1
61,29-11-2020,AMARILLO,1
61,30-05-2022,AMARILLO,1
63,02-01-2020,AMARILLO,1
63,02-01-2020,NARANJA,1
63,02-01-2020,ROJO,1
63,14-10-2021,AMARILLO,1
63,11-04-2020,AMARILLO,1
63,11-05-2021,AMARILLO,1
63,11-10-2021,NARANJA,1
63,11-11-2019,NARANJA,1
63,12-09-2020,AMARILLO,1
63,12-09-2020,NARANJA,1
63,12-10-2019,AMARILLO,1
63,13-10-2019,AMARILLO,1
63,13-10-2019,NARANJA,1
63,14-10-2019,NARANJA,1
63,14-10-2021,NARANJA,1
63,10-06-2021,AMARILLO,1
63,16-06-2021,AMARILLO,1
63,17-10-2021,AMARILLO,1
63,19-05-2022,AMARILLO,1
63,20-06-2021,NARANJA,1
63,20-11-2019,AMARILLO,1
63,20-11-2019,NARANJA,1
63,21-04-2020,AMARILLO,1
63,21-09-2020,AMARILLO,1
63,21-10-2019,NARANJA,1
63,21-10-2021,AMARILLO,1
63,10-10-2020,AMARILLO,1
63,09-11-2020,NARANJA,1
63,02-05-2021,AMARILLO,1
63,05-05-2020,NARANJA,1
63,02-05-2021,NARANJA,1
63,02-08-2020,AMARILLO,1
63,03-06-2021,AMARILLO,1
63,04-05-2021,AMARILLO,1
63,04-05-2021,NARANJA,1
63,04-07-2021,AMARILLO,1
63,04-07-2021,NARANJA,1
63,04-10-2020,AMARILLO,1
63,05-04-2022,ROJO,1
63,05-05-2020,AMARILLO,1
63,05-05-2022,AMARILLO,1
63,09-11-2020,AMARILLO,1
63,05-10-2021,NARANJA,1
63,05-12-2020,NARANJA,1
63,05-12-2020,ROJO,1
63,06-05-2022,AMARILLO,1
63,06-11-2021,AMARILLO,1
63,07-05-2021,AMARILLO,1
63,07-09-2021,ROJO,1
63,08-01-2022,AMARILLO,1
63,08-05-2020,AMARILLO,1
63,09-05-2022,AMARILLO,1
61,19-02-2022,AMARILLO,1
61,18-05-2022,AMARILLO,1
69,20-03-2022,AMARILLO,1
61,17-12-2019,NARANJA,1
59,21-02-2021,AMARILLO,1
59,21-02-2021,NARANJA,1
59,21-06-2022,AMARILLO,1
59,21-06-2022,NARANJA,1
59,21-10-2019,AMARILLO,1
59,21-10-2019,NARANJA,1
59,21-10-2020,AMARILLO,1
59,23-04-2020,NARANJA,1
59,23-09-2020,NARANJA,1
59,23-12-2020,AMARILLO,1
59,23-12-2020,NARANJA,1
59,24-11-2019,AMARILLO,1
59,25-05-2022,AMARILLO,1
59,25-05-2022,NARANJA,1
59,25-11-2020,AMARILLO,1
59,25-11-2020,NARANJA,1
59,26-10-2019,AMARILLO,1
59,26-10-2020,AMARILLO,1
59,27-03-2022,AMARILLO,1
59,27-04-2020,AMARILLO,1
59,27-06-2022,AMARILLO,1
59,27-08-2020,AMARILLO,1
59,28-03-2022,AMARILLO,1
59,20-12-2019,AMARILLO,1
59,19-10-2019,NARANJA,1
59,19-09-2020,AMARILLO,1
59,14-09-2020,NARANJA,1
59,10-08-2021,NARANJA,1
59,11-11-2020,AMARILLO,1
59,11-11-2020,NARANJA,1
59,12-10-2021,NARANJA,1
59,13-12-2019,AMARILLO,1
59,13-12-2019,NARANJA,1
59,14-06-2020,AMARILLO,1
59,14-08-2020,AMARILLO,1
59,14-08-2020,ROJO,1
59,14-09-2020,AMARILLO,1
59,14-10-2019,NARANJA,1
59,18-02-2022,NARANJA,1
59,15-04-2020,AMARILLO,1
59,15-04-2020,NARANJA,1
59,15-06-2022,AMARILLO,1
59,15-10-2019,NARANJA,1
59,15-10-2021,NARANJA,1
59,16-05-2020,AMARILLO,1
59,16-07-2020,AMARILLO,1
59,17-11-2019,AMARILLO,1
59,17-11-2019,NARANJA,1
59,18-02-2022,AMARILLO,1
59,28-03-2022,NARANJA,1
59,28-10-2021,AMARILLO,1
59,28-11-2020,AMARILLO,1
61,13-12-2020,AMARILLO,1
61,08-02-2021,NARANJA,1
61,08-11-2020,AMARILLO,1
61,08-11-2020,NARANJA,1
61,10-07-2020,AMARILLO,1
61,10-09-2020,AMARILLO,1
61,10-09-2020,ROJO,1
61,11-07-2020,NARANJA,1
61,12-11-2020,AMARILLO,1
61,12-11-2020,NARANJA,1
61,13-10-2019,NARANJA,1
61,14-01-2021,AMARILLO,1
61,07-10-2019,AMARILLO,1
61,14-01-2021,NARANJA,1
61,14-05-2020,AMARILLO,1
61,14-05-2020,NARANJA,1
61,14-11-2019,AMARILLO,1
61,15-11-2020,AMARILLO,1
61,15-11-2020,NARANJA,1
61,16-03-2022,AMARILLO,1
61,16-08-2020,AMARILLO,1
61,17-03-2022,AMARILLO,1
61,17-12-2019,AMARILLO,1
61,08-02-2021,AMARILLO,1
61,07-05-2022,ROJO,1
59,28-11-2020,NARANJA,1
60,22-05-2022,NARANJA,1
59,28-12-2020,NARANJA,1
59,29-12-2020,AMARILLO,1
59,30-09-2020,AMARILLO,1
59,30-09-2020,NARANJA,1
59,30-11-2021,AMARILLO,1
59,30-12-2020,AMARILLO,1
60,02-06-2022,AMARILLO,1
60,15-06-2022,AMARILLO,1
60,15-06-2022,NARANJA,1
60,22-05-2022,AMARILLO,1
60,24-05-2022,AMARILLO,1
61,07-01-2022,AMARILLO,1
60,24-09-2022,AMARILLO,1
60,27-08-2022,AMARILLO,1
60,29-09-2022,AMARILLO,1
60,30-06-2022,AMARILLO,1
60,30-09-2022,NARANJA,1
61,01-01-2020,AMARILLO,1
61,01-04-2022,NARANJA,1
61,02-01-2022,AMARILLO,1
61,05-06-2020,AMARILLO,1
61,05-12-2020,AMARILLO,1
63,22-10-2021,AMARILLO,1
63,23-02-2021,AMARILLO,1
63,23-06-2021,NARANJA,1
63,23-10-2021,AMARILLO,1
67,26-12-2021,AMARILLO,1
67,27-06-2022,AMARILLO,1
67,28-03-2022,AMARILLO,1
67,28-10-2021,AMARILLO,1
67,28-10-2021,NARANJA,1
67,29-03-2022,AMARILLO,1
67,30-09-2021,AMARILLO,1
67,31-12-2021,AMARILLO,1
68,01-06-2022,AMARILLO,1
68,01-06-2022,NARANJA,1
68,02-06-2020,AMARILLO,1
68,04-06-2020,AMARILLO,1
68,04-06-2020,NARANJA,1
68,04-09-2020,AMARILLO,1
68,06-10-2021,AMARILLO,1
68,06-10-2021,NARANJA,1
68,08-10-2021,AMARILLO,1
68,08-10-2021,NARANJA,1
68,11-10-2020,AMARILLO,1
68,13-07-2020,AMARILLO,1
68,13-07-2020,NARANJA,1
68,13-11-2020,NARANJA,1
68,16-08-2020,NARANJA,1
67,24-06-2022,NARANJA,1
67,24-06-2022,AMARILLO,1
67,24-05-2022,NARANJA,1
67,14-11-2021,NARANJA,1
67,08-03-2021,AMARILLO,1
67,10-07-2022,AMARILLO,1
67,11-01-2022,AMARILLO,1
67,11-01-2022,NARANJA,1
67,11-11-2021,AMARILLO,1
67,12-11-2021,AMARILLO,1
67,14-06-2022,AMARILLO,1
67,14-07-2022,AMARILLO,1
67,14-07-2022,NARANJA,1
67,14-11-2021,AMARILLO,1
67,15-08-2021,AMARILLO,1
67,23-11-2021,AMARILLO,1
67,15-08-2021,NARANJA,1
67,15-11-2021,AMARILLO,1
67,15-11-2021,NARANJA,1
67,17-11-2019,AMARILLO,1
67,18-11-2019,AMARILLO,1
67,18-11-2019,NARANJA,1
67,19-05-2022,AMARILLO,1
67,19-05-2022,NARANJA,1
67,22-11-2021,AMARILLO,1
67,23-02-2022,AMARILLO,1
68,27-11-2021,NARANJA,1
68,28-10-2021,AMARILLO,1
68,28-10-2021,NARANJA,1
69,15-10-2019,AMARILLO,1
69,12-03-2020,AMARILLO,1
69,13-02-2021,AMARILLO,1
69,13-03-2020,AMARILLO,1
69,13-07-2021,NARANJA,1
69,14-01-2022,AMARILLO,1
69,14-06-2022,AMARILLO,1
69,14-06-2022,NARANJA,1
69,14-11-2019,AMARILLO,1
69,14-11-2019,NARANJA,1
69,14-11-2019,ROJO,1
69,15-12-2019,NARANJA,1
69,10-12-2019,AMARILLO,1
69,16-07-2020,AMARILLO,1
69,17-05-2022,NARANJA,1
69,17-08-2020,AMARILLO,1
69,17-10-2021,AMARILLO,1
69,18-04-2020,NARANJA,1
69,18-06-2020,AMARILLO,1
69,19-11-2019,AMARILLO,1
69,19-11-2019,NARANJA,1
69,20-02-2021,ROJO,1
69,20-02-2022,AMARILLO,1
69,11-06-2022,NARANJA,1
69,10-10-2021,NARANJA,1
68,30-01-2020,AMARILLO,1
69,04-11-2021,NARANJA,1
68,30-01-2020,NARANJA,1
69,01-04-2020,AMARILLO,1
69,01-07-2022,AMARILLO,1
69,03-03-2021,AMARILLO,1
69,03-04-2022,AMARILLO,1
69,03-11-2021,NARANJA,1
69,04-03-2021,AMARILLO,1
69,04-03-2022,AMARILLO,1
69,04-06-2020,AMARILLO,1
69,04-09-2020,NARANJA,1
69,05-03-2022,AMARILLO,1
69,10-09-2020,NARANJA,1
69,05-04-2022,AMARILLO,1
69,05-04-2022,NARANJA,1
69,05-12-2021,AMARILLO,1
69,07-01-2022,AMARILLO,1
69,07-01-2022,NARANJA,1
69,09-01-2021,AMARILLO,1
69,09-01-2021,NARANJA,1
69,09-05-2022,AMARILLO,1
69,09-05-2022,NARANJA,1
69,09-10-2019,AMARILLO,1
67,04-03-2022,AMARILLO,1
67,03-03-2022,AMARILLO,1
67,03-01-2022,AMARILLO,1
65,01-11-2021,AMARILLO,1
63,29-10-2019,AMARILLO,1
63,29-12-2021,AMARILLO,1
63,29-12-2021,NARANJA,1
63,30-10-2021,AMARILLO,1
63,30-10-2021,NARANJA,1
63,31-03-2022,ROJO,1
64,10-03-2021,NARANJA,1
64,25-02-2021,AMARILLO,1
64,27-07-2021,AMARILLO,1
65,01-10-2021,AMARILLO,1
65,02-08-2022,AMARILLO,1
63,29-06-2022,AMARILLO,1
65,02-08-2022,ROJO,1
65,03-04-2020,AMARILLO,1
65,06-04-2020,AMARILLO,1
65,08-10-2021,AMARILLO,1
65,08-10-2021,NARANJA,1
65,11-03-2021,AMARILLO,1
65,12-09-2021,AMARILLO,1
65,19-09-2022,AMARILLO,1
65,27-07-2021,AMARILLO,1
65,27-07-2022,AMARILLO,1
63,29-06-2022,NARANJA,1
63,29-05-2021,AMARILLO,1
65,30-09-2021,AMARILLO,1
63,25-10-2019,ROJO,1
63,23-11-2020,AMARILLO,1
63,23-11-2021,AMARILLO,1
63,23-11-2021,NARANJA,1
63,24-10-2020,AMARILLO,1
63,24-11-2021,AMARILLO,1
63,24-11-2021,NARANJA,1
63,25-07-2020,AMARILLO,1
63,25-07-2021,AMARILLO,1
63,25-07-2021,NARANJA,1
63,25-10-2019,AMARILLO,1
63,26-07-2021,AMARILLO,1
63,28-10-2021,NARANJA,1
63,26-10-2020,AMARILLO,1
63,27-05-2021,AMARILLO,1
63,27-05-2021,NARANJA,1
63,27-07-2020,AMARILLO,1
63,27-07-2020,NARANJA,1
63,27-08-2021,AMARILLO,1
63,27-08-2021,NARANJA,1
63,27-10-2020,AMARILLO,1
63,28-10-2020,AMARILLO,1
63,28-10-2021,AMARILLO,1
65,30-03-2022,AMARILLO,1
65,30-10-2021,AMARILLO,1
67,01-03-2021,NARANJA,1
66,26-08-2020,AMARILLO,1
66,18-05-2020,AMARILLO,1
66,21-04-2020,AMARILLO,1
66,21-04-2020,NARANJA,1
66,21-05-2020,AMARILLO,1
66,21-08-2020,NARANJA,1
66,21-12-2019,AMARILLO,1
66,23-09-2021,AMARILLO,1
66,26-06-2020,AMARILLO,1
66,26-06-2020,NARANJA,1
66,26-07-2020,AMARILLO,1
66,26-08-2020,NARANJA,1
66,16-10-2019,NARANJA,1
66,28-02-2021,AMARILLO,1
66,28-08-2022,AMARILLO,1
66,29-08-2021,AMARILLO,1
66,29-09-2022,AMARILLO,1
66,29-09-2022,NARANJA,1
66,30-05-2020,AMARILLO,1
66,31-08-2021,AMARILLO,1
66,31-08-2021,NARANJA,1
66,31-12-2019,AMARILLO,1
67,01-03-2021,AMARILLO,1
66,16-11-2019,AMARILLO,1
66,16-08-2020,NARANJA,1
66,01-03-2021,AMARILLO,1
66,07-11-2019,AMARILLO,1
66,02-06-2020,AMARILLO,1
66,03-06-2020,NARANJA,1
66,03-11-2019,AMARILLO,1
66,03-11-2019,NARANJA,1
66,05-06-2022,AMARILLO,1
66,05-06-2022,NARANJA,1
66,05-10-2021,AMARILLO,1
66,06-04-2020,AMARILLO,1
66,07-05-2022,AMARILLO,1
66,07-07-2022,AMARILLO,1
66,09-02-2022,AMARILLO,1
66,16-08-2020,AMARILLO,1
66,10-05-2022,AMARILLO,1
66,10-06-2022,AMARILLO,1
66,11-06-2022,AMARILLO,1
66,11-09-2021,NARANJA,1
66,11-10-2021,AMARILLO,1
66,12-06-2020,AMARILLO,1
66,12-08-2021,NARANJA,1
66,13-06-2020,AMARILLO,1
66,14-10-2019,AMARILLO,1
66,16-03-2022,AMARILLO,1
45,24-12-2019,AMARILLO,1
38,08-05-2022,NARANJA,1
45,23-03-2022,NARANJA,1
17,26-08-2020,AMARILLO,1
18,10-03-2021,ROJO,1
18,10-07-2020,AMARILLO,1
18,10-07-2020,NARANJA,1
18,10-07-2020,ROJO,1
18,10-11-2021,AMARILLO,1
18,11-06-2022,AMARILLO,1
18,11-10-2020,AMARILLO,1
18,11-10-2020,NARANJA,1
18,11-11-2021,AMARILLO,1
18,13-07-2022,AMARILLO,1
18,13-11-2020,AMARILLO,1
18,14-11-2019,AMARILLO,1
18,14-12-2019,AMARILLO,1
18,14-12-2019,NARANJA,1
18,15-10-2019,AMARILLO,1
18,15-10-2019,NARANJA,1
18,15-10-2020,AMARILLO,1
18,15-10-2020,NARANJA,1
18,16-03-2020,AMARILLO,1
18,16-03-2020,NARANJA,1
18,16-07-2020,AMARILLO,1
18,16-08-2020,AMARILLO,1
18,16-08-2022,NARANJA,1
18,10-03-2021,NARANJA,1
18,10-03-2021,AMARILLO,1
18,09-10-2019,NARANJA,1
18,01-10-2021,AMARILLO,1
17,27-12-2020,NARANJA,1
17,27-12-2020,ROJO,1
17,28-02-2020,AMARILLO,1
17,28-02-2022,AMARILLO,1
17,28-06-2020,AMARILLO,1
17,28-07-2022,AMARILLO,1
17,29-07-2020,NARANJA,1
17,29-09-2020,AMARILLO,1
17,30-05-2022,NARANJA,1
17,31-05-2022,NARANJA,1
18,01-11-2019,NARANJA,1
18,08-05-2020,AMARILLO,1
18,01-12-2019,AMARILLO,1
18,02-10-2021,AMARILLO,1
18,03-01-2022,AMARILLO,1
18,04-06-2022,AMARILLO,1
18,05-05-2022,AMARILLO,1
18,05-10-2021,AMARILLO,1
18,06-05-2022,AMARILLO,1
18,06-05-2022,NARANJA,1
18,07-11-2020,AMARILLO,1
18,07-11-2020,NARANJA,1
18,16-11-2019,AMARILLO,1
18,16-11-2019,NARANJA,1
18,17-05-2020,AMARILLO,1
18,27-12-2021,AMARILLO,1
18,24-08-2020,AMARILLO,1
18,24-08-2020,ROJO,1
18,24-09-2021,AMARILLO,1
18,24-09-2021,NARANJA,1
18,25-07-2022,NARANJA,1
18,25-09-2021,AMARILLO,1
18,25-09-2021,NARANJA,1
18,27-02-2020,AMARILLO,1
18,27-07-2020,AMARILLO,1
18,27-12-2019,AMARILLO,1
18,28-02-2020,NARANJA,1
18,24-01-2020,AMARILLO,1
18,28-07-2021,AMARILLO,1
18,28-10-2021,AMARILLO,1
18,29-06-2022,AMARILLO,1
18,29-10-2019,AMARILLO,1
18,29-10-2019,NARANJA,1
18,30-06-2020,AMARILLO,1
18,30-10-2021,AMARILLO,1
18,30-10-2021,NARANJA,1
19,02-06-2022,AMARILLO,1
19,02-11-2021,AMARILLO,1
18,24-01-2020,NARANJA,1
18,23-12-2020,AMARILLO,1
18,17-05-2022,NARANJA,1
18,20-08-2021,NARANJA,1
18,17-08-2020,AMARILLO,1
18,18-05-2022,AMARILLO,1
18,18-08-2020,AMARILLO,1
18,18-08-2021,AMARILLO,1
18,18-09-2020,AMARILLO,1
18,19-08-2020,AMARILLO,1
18,19-08-2021,NARANJA,1
18,19-11-2020,AMARILLO,1
18,19-11-2020,NARANJA,1
18,20-08-2021,AMARILLO,1
18,21-05-2020,AMARILLO,1
18,23-07-2020,AMARILLO,1
18,21-09-2020,AMARILLO,1
18,21-10-2019,AMARILLO,1
18,21-10-2021,AMARILLO,1
18,22-02-2021,AMARILLO,1
18,22-02-2021,NARANJA,1
18,22-09-2020,AMARILLO,1
18,22-09-2020,ROJO,1
18,22-09-2022,NARANJA,1
18,22-10-2019,AMARILLO,1
18,22-11-2019,AMARILLO,1
17,26-10-2020,AMARILLO,1
17,25-07-2022,NARANJA,1
24,19-03-2022,AMARILLO,1
17,25-07-2022,AMARILLO,1
16,13-03-2020,NARANJA,1
16,13-07-2022,AMARILLO,1
16,14-05-2022,AMARILLO,1
16,16-06-2022,AMARILLO,1
16,16-10-2019,AMARILLO,1
16,17-05-2020,AMARILLO,1
16,19-07-2022,AMARILLO,1
16,23-06-2022,AMARILLO,1
16,24-05-2022,AMARILLO,1
16,24-05-2022,NARANJA,1
16,26-06-2022,AMARILLO,1
16,26-06-2022,NARANJA,1
16,27-06-2020,ROJO,1
16,27-07-2022,NARANJA,1
17,01-06-2020,AMARILLO,1
17,01-11-2019,AMARILLO,1
17,01-12-2020,AMARILLO,1
17,02-01-2020,AMARILLO,1
17,02-01-2020,NARANJA,1
17,02-06-2022,AMARILLO,1
17,03-01-2020,NARANJA,1
17,03-05-2020,AMARILLO,1
17,03-06-2020,AMARILLO,1
16,13-03-2020,AMARILLO,1
16,12-07-2022,AMARILLO,1
16,10-07-2022,NARANJA,1
16,06-05-2022,AMARILLO,1
16,01-07-2022,AMARILLO,1
16,02-04-2022,AMARILLO,1
16,02-08-2022,AMARILLO,1
16,02-11-2019,NARANJA,1
16,03-07-2022,ROJO,1
16,03-11-2019,NARANJA,1
16,04-06-2020,AMARILLO,1
16,04-10-2019,AMARILLO,1
16,05-04-2022,AMARILLO,1
16,05-07-2022,ROJO,1
16,06-06-2022,AMARILLO,1
16,10-07-2022,AMARILLO,1
16,06-07-2022,NARANJA,1
16,06-09-2022,AMARILLO,1
16,06-09-2022,NARANJA,1
16,06-09-2022,ROJO,1
16,06-11-2019,NARANJA,1
16,07-07-2022,AMARILLO,1
16,07-11-2019,AMARILLO,1
16,09-07-2022,AMARILLO,1
16,10-03-2021,AMARILLO,1
16,10-05-2022,AMARILLO,1
17,03-07-2020,AMARILLO,1
17,03-07-2020,NARANJA,1
17,04-03-2021,AMARILLO,1
17,19-11-2020,AMARILLO,1
17,15-07-2022,AMARILLO,1
17,15-10-2019,AMARILLO,1
17,16-01-2021,AMARILLO,1
17,16-03-2022,AMARILLO,1
17,16-09-2022,AMARILLO,1
17,18-01-2021,AMARILLO,1
17,18-02-2022,AMARILLO,1
17,18-02-2022,NARANJA,1
17,18-05-2022,AMARILLO,1
17,18-09-2020,NARANJA,1
17,20-12-2020,AMARILLO,1
17,14-06-2020,AMARILLO,1
17,21-08-2020,AMARILLO,1
17,21-09-2022,AMARILLO,1
17,21-10-2019,AMARILLO,1
17,22-04-2020,AMARILLO,1
17,22-04-2020,NARANJA,1
17,22-12-2020,AMARILLO,1
17,22-12-2020,NARANJA,1
17,23-07-2020,AMARILLO,1
17,25-07-2020,AMARILLO,1
17,25-07-2020,NARANJA,1
17,14-10-2019,AMARILLO,1
17,14-01-2021,NARANJA,1
17,04-03-2021,NARANJA,1
17,10-07-2022,AMARILLO,1
17,04-09-2020,AMARILLO,1
17,04-12-2020,AMARILLO,1
17,05-08-2022,AMARILLO,1
17,05-12-2020,NARANJA,1
17,06-07-2020,AMARILLO,1
17,07-12-2019,AMARILLO,1
17,09-12-2019,AMARILLO,1
17,10-03-2021,AMARILLO,1
17,10-03-2021,NARANJA,1
17,10-07-2020,AMARILLO,1
17,10-12-2020,AMARILLO,1
17,13-12-2019,NARANJA,1
17,11-07-2020,AMARILLO,1
17,11-07-2020,ROJO,1
17,11-10-2020,AMARILLO,1
17,11-10-2020,NARANJA,1
17,12-01-2021,AMARILLO,1
17,12-01-2021,NARANJA,1
17,12-06-2022,AMARILLO,1
17,13-01-2021,AMARILLO,1
17,13-01-2021,NARANJA,1
17,13-07-2020,AMARILLO,1
19,03-01-2020,AMARILLO,1
19,03-11-2021,AMARILLO,1
19,05-02-2022,AMARILLO,1
19,05-05-2021,AMARILLO,1
21,27-03-2022,AMARILLO,1
21,27-12-2021,AMARILLO,1
21,27-12-2021,ROJO,1
21,28-03-2022,AMARILLO,1
21,28-10-2021,AMARILLO,1
21,29-09-2020,AMARILLO,1
21,29-09-2020,NARANJA,1
21,30-11-2020,AMARILLO,1
21,31-10-2020,NARANJA,1
22,06-06-2022,AMARILLO,1
22,06-06-2022,NARANJA,1
22,12-08-2022,AMARILLO,1
22,12-08-2022,NARANJA,1
22,12-08-2022,ROJO,1
22,14-07-2022,AMARILLO,1
22,16-06-2022,AMARILLO,1
22,17-06-2022,AMARILLO,1
22,18-06-2022,AMARILLO,1
22,18-06-2022,NARANJA,1
22,18-07-2022,NARANJA,1
22,20-07-2022,AMARILLO,1
22,22-05-2022,AMARILLO,1
22,23-07-2022,NARANJA,1
21,26-10-2020,NARANJA,1
21,26-10-2020,AMARILLO,1
21,25-09-2021,NARANJA,1
21,21-09-2021,AMARILLO,1
21,14-09-2020,AMARILLO,1
21,14-09-2020,NARANJA,1
21,14-11-2019,NARANJA,1
21,15-11-2020,AMARILLO,1
21,17-10-2021,AMARILLO,1
21,17-12-2019,AMARILLO,1
21,18-10-2021,AMARILLO,1
21,19-08-2020,NARANJA,1
21,21-08-2020,AMARILLO,1
21,21-08-2020,NARANJA,1
21,21-10-2021,AMARILLO,1
21,25-03-2022,NARANJA,1
21,21-10-2021,NARANJA,1
21,22-08-2020,AMARILLO,1
21,22-08-2020,NARANJA,1
21,23-09-2021,AMARILLO,1
21,23-09-2021,NARANJA,1
21,24-01-2020,AMARILLO,1
21,24-03-2022,AMARILLO,1
21,24-03-2022,NARANJA,1
21,24-08-2020,AMARILLO,1
21,24-09-2021,NARANJA,1
22,23-07-2022,ROJO,1
22,24-06-2022,AMARILLO,1
22,25-06-2022,AMARILLO,1
24,15-03-2022,AMARILLO,1
24,08-09-2020,NARANJA,1
24,08-12-2019,AMARILLO,1
24,10-03-2021,AMARILLO,1
24,10-09-2020,AMARILLO,1
24,11-02-2021,AMARILLO,1
24,11-07-2020,AMARILLO,1
24,11-08-2021,NARANJA,1
24,14-05-2022,AMARILLO,1
24,14-08-2021,AMARILLO,1
24,14-08-2021,NARANJA,1
24,15-08-2020,AMARILLO,1
24,08-02-2021,AMARILLO,1
24,15-08-2021,AMARILLO,1
24,16-07-2020,AMARILLO,1
24,16-07-2020,NARANJA,1
24,16-08-2020,AMARILLO,1
24,17-02-2022,AMARILLO,1
24,17-10-2020,AMARILLO,1
24,17-10-2020,NARANJA,1
24,18-06-2022,AMARILLO,1
24,18-06-2022,NARANJA,1
24,18-12-2021,AMARILLO,1
24,08-02-2021,NARANJA,1
24,08-01-2021,NARANJA,1
22,26-05-2022,AMARILLO,1
24,04-07-2020,NARANJA,1
22,27-06-2022,AMARILLO,1
22,27-06-2022,NARANJA,1
22,27-06-2022,ROJO,1
22,28-05-2022,AMARILLO,1
22,30-06-2022,AMARILLO,1
22,31-05-2022,ROJO,1
23,18-05-2022,AMARILLO,1
23,18-05-2022,NARANJA,1
24,04-02-2020,AMARILLO,1
24,04-07-2020,AMARILLO,1
24,05-09-2021,AMARILLO,1
24,08-01-2021,AMARILLO,1
24,05-11-2019,AMARILLO,1
24,06-10-2021,AMARILLO,1
24,06-10-2021,NARANJA,1
24,06-10-2021,ROJO,1
24,07-05-2020,AMARILLO,1
24,07-05-2020,NARANJA,1
24,07-06-2020,AMARILLO,1
24,07-06-2020,NARANJA,1
24,07-07-2020,NARANJA,1
24,07-10-2021,ROJO,1
21,12-11-2021,AMARILLO,1
21,11-11-2021,AMARILLO,1
21,10-09-2020,AMARILLO,1
19,27-06-2022,AMARILLO,1
19,23-04-2020,NARANJA,1
19,23-12-2019,AMARILLO,1
19,24-01-2020,AMARILLO,1
19,24-01-2020,NARANJA,1
19,24-05-2022,AMARILLO,1
19,24-05-2022,NARANJA,1
19,25-05-2022,AMARILLO,1
19,26-01-2020,AMARILLO,1
19,26-03-2022,AMARILLO,1
19,26-08-2020,NARANJA,1
19,27-06-2022,NARANJA,1
19,21-04-2020,NARANJA,1
19,28-03-2020,AMARILLO,1
19,28-03-2022,AMARILLO,1
19,30-12-2020,AMARILLO,1
20,02-03-2021,AMARILLO,1
20,02-07-2020,AMARILLO,1
20,03-06-2022,NARANJA,1
20,05-05-2020,AMARILLO,1
20,05-12-2019,AMARILLO,1
20,05-12-2020,AMARILLO,1
20,08-09-2022,NARANJA,1
19,23-04-2020,AMARILLO,1
19,20-10-2019,NARANJA,1
20,09-06-2022,AMARILLO,1
19,11-08-2021,AMARILLO,1
19,06-05-2021,AMARILLO,1
19,06-09-2020,AMARILLO,1
19,07-02-2022,NARANJA,1
19,07-09-2021,AMARILLO,1
19,08-07-2022,AMARILLO,1
19,10-05-2021,NARANJA,1
19,10-09-2020,AMARILLO,1
19,11-06-2020,AMARILLO,1
19,11-06-2020,NARANJA,1
19,11-06-2021,NARANJA,1
19,11-11-2019,AMARILLO,1
19,20-10-2019,AMARILLO,1
19,13-03-2021,AMARILLO,1
19,13-03-2021,NARANJA,1
19,13-04-2020,AMARILLO,1
19,14-03-2020,AMARILLO,1
19,14-03-2020,NARANJA,1
19,14-08-2020,NARANJA,1
19,16-08-2020,AMARILLO,1
19,17-05-2022,AMARILLO,1
19,18-07-2021,AMARILLO,1
19,19-07-2021,AMARILLO,1
20,08-09-2022,ROJO,1
20,09-06-2022,NARANJA,1
21,09-09-2020,AMARILLO,1
20,29-05-2022,AMARILLO,1
20,27-02-2021,AMARILLO,1
20,27-03-2022,AMARILLO,1
20,27-03-2022,NARANJA,1
20,27-07-2021,AMARILLO,1
20,27-07-2021,NARANJA,1
20,27-07-2022,NARANJA,1
20,27-08-2021,AMARILLO,1
20,27-12-2019,AMARILLO,1
20,28-02-2021,AMARILLO,1
20,28-02-2021,NARANJA,1
20,30-05-2022,NARANJA,1
20,26-12-2019,AMARILLO,1
21,02-01-2020,ROJO,1
21,02-12-2020,AMARILLO,1
21,03-04-2022,AMARILLO,1
21,03-11-2020,AMARILLO,1
21,06-09-2020,AMARILLO,1
21,07-01-2022,AMARILLO,1
21,07-09-2021,AMARILLO,1
21,07-11-2019,AMARILLO,1
21,07-11-2019,NARANJA,1
21,07-11-2020,AMARILLO,1
20,26-12-2019,NARANJA,1
20,26-07-2020,AMARILLO,1
20,10-05-2022,AMARILLO,1
20,18-10-2021,AMARILLO,1
20,10-05-2022,NARANJA,1
20,10-09-2020,AMARILLO,1
20,12-09-2020,AMARILLO,1
20,13-04-2020,AMARILLO,1
20,13-04-2020,NARANJA,1
20,15-11-2020,AMARILLO,1
20,15-11-2020,NARANJA,1
20,16-10-2021,AMARILLO,1
20,17-08-2021,NARANJA,1
20,18-09-2020,AMARILLO,1
20,18-10-2021,NARANJA,1
20,25-11-2021,AMARILLO,1
20,19-03-2022,AMARILLO,1
20,19-03-2022,NARANJA,1
20,20-10-2019,AMARILLO,1
20,20-10-2019,NARANJA,1
20,21-10-2020,AMARILLO,1
20,23-10-2021,AMARILLO,1
20,24-05-2020,AMARILLO,1
20,24-09-2021,NARANJA,1
20,25-09-2021,NARANJA,1
20,25-10-2020,AMARILLO,1
16,01-06-2020,AMARILLO,1
15,30-06-2022,AMARILLO,1
15,29-06-2020,AMARILLO,1
7,26-12-2021,AMARILLO,1
6,05-09-2021,AMARILLO,1
6,05-09-2021,NARANJA,1
6,07-07-2020,NARANJA,1
6,08-04-2020,AMARILLO,1
6,08-04-2020,NARANJA,1
6,09-08-2020,AMARILLO,1
6,09-10-2021,AMARILLO,1
6,13-04-2020,AMARILLO,1
6,13-05-2020,AMARILLO,1
6,13-05-2022,AMARILLO,1
6,13-05-2022,NARANJA,1
6,13-10-2019,AMARILLO,1
6,14-10-2021,NARANJA,1
6,15-04-2020,AMARILLO,1
6,15-10-2020,AMARILLO,1
6,15-11-2020,AMARILLO,1
6,15-11-2020,NARANJA,1
6,16-08-2020,AMARILLO,1
6,16-08-2020,NARANJA,1
6,16-10-2019,AMARILLO,1
6,16-10-2019,NARANJA,1
6,17-06-2020,AMARILLO,1
6,17-08-2020,AMARILLO,1
6,03-11-2020,ROJO,1
6,02-11-2020,NARANJA,1
6,02-11-2020,AMARILLO,1
5,20-11-2021,AMARILLO,1
5,12-09-2020,AMARILLO,1
5,13-01-2021,AMARILLO,1
5,16-03-2020,AMARILLO,1
5,18-05-2020,AMARILLO,1
5,18-08-2021,AMARILLO,1
5,18-12-2019,AMARILLO,1
5,19-08-2021,AMARILLO,1
5,19-08-2021,ROJO,1
5,20-07-2021,AMARILLO,1
5,20-08-2021,NARANJA,1
5,21-08-2021,AMARILLO,1
5,29-07-2021,AMARILLO,1
5,21-08-2021,NARANJA,1
5,21-10-2021,AMARILLO,1
5,21-11-2021,AMARILLO,1
5,24-02-2020,AMARILLO,1
5,24-02-2020,NARANJA,1
5,26-10-2019,ROJO,1
5,27-02-2020,AMARILLO,1
5,27-02-2020,NARANJA,1
5,28-10-2021,AMARILLO,1
5,28-10-2021,NARANJA,1
6,18-06-2022,AMARILLO,1
6,18-08-2020,AMARILLO,1
6,18-09-2022,AMARILLO,1
7,18-11-2019,AMARILLO,1
7,07-01-2022,NARANJA,1
7,07-07-2020,AMARILLO,1
7,09-03-2020,AMARILLO,1
7,12-03-2021,AMARILLO,1
7,12-03-2021,NARANJA,1
7,12-09-2022,AMARILLO,1
7,12-09-2022,NARANJA,1
7,12-10-2019,AMARILLO,1
7,14-06-2022,AMARILLO,1
7,15-05-2020,AMARILLO,1
7,18-11-2019,NARANJA,1
7,04-06-2020,AMARILLO,1
7,19-08-2020,AMARILLO,1
7,20-03-2022,AMARILLO,1
7,21-06-2022,AMARILLO,1
7,21-10-2019,AMARILLO,1
7,23-02-2022,AMARILLO,1
7,23-02-2022,NARANJA,1
7,24-02-2022,AMARILLO,1
7,24-02-2022,NARANJA,1
7,24-03-2022,AMARILLO,1
7,24-11-2019,AMARILLO,1
7,07-01-2022,AMARILLO,1
7,04-04-2022,ROJO,1
6,23-06-2020,NARANJA,1
6,27-11-2021,AMARILLO,1
6,23-08-2020,AMARILLO,1
6,24-05-2020,AMARILLO,1
6,24-06-2022,NARANJA,1
6,24-07-2020,AMARILLO,1
6,24-07-2020,NARANJA,1
6,24-12-2019,AMARILLO,1
6,26-10-2019,AMARILLO,1
6,26-11-2021,AMARILLO,1
6,26-11-2021,NARANJA,1
6,27-07-2021,AMARILLO,1
6,27-11-2021,NARANJA,1
7,04-04-2022,AMARILLO,1
6,29-11-2019,AMARILLO,1
6,30-03-2022,AMARILLO,1
6,30-03-2022,NARANJA,1
6,30-05-2022,AMARILLO,1
6,30-06-2020,AMARILLO,1
7,01-04-2022,ROJO,1
7,01-06-2022,AMARILLO,1
7,03-01-2022,AMARILLO,1
7,03-01-2022,NARANJA,1
7,03-04-2022,NARANJA,1
5,12-03-2020,NARANJA,1
5,12-02-2021,AMARILLO,1
5,10-08-2021,NARANJA,1
2,17-03-2020,AMARILLO,1
2,09-12-2019,NARANJA,1
2,11-06-2022,AMARILLO,1
2,11-07-2020,AMARILLO,1
2,11-07-2020,NARANJA,1
2,11-09-2022,AMARILLO,1
2,15-08-2020,AMARILLO,1
2,15-08-2020,NARANJA,1
2,16-07-2020,AMARILLO,1
2,16-07-2020,NARANJA,1
2,16-08-2020,AMARILLO,1
2,18-02-2022,AMARILLO,1
2,08-02-2021,NARANJA,1
2,20-02-2022,AMARILLO,1
2,20-10-2019,NARANJA,1
2,21-07-2020,AMARILLO,1
2,22-06-2020,AMARILLO,1
2,23-04-2020,AMARILLO,1
2,23-05-2020,AMARILLO,1
2,23-05-2020,NARANJA,1
2,23-11-2019,AMARILLO,1
2,24-06-2022,AMARILLO,1
2,25-06-2022,AMARILLO,1
2,08-09-2020,AMARILLO,1
2,07-11-2019,ROJO,1
2,26-10-2019,AMARILLO,1
1,22-07-2022,AMARILLO,1
1,04-04-2022,NARANJA,1
1,07-06-2022,AMARILLO,1
1,08-09-2021,AMARILLO,1
1,11-03-2022,AMARILLO,1
1,13-06-2022,NARANJA,1
1,14-07-2022,NARANJA,1
1,15-05-2022,AMARILLO,1
1,15-05-2022,NARANJA,1
1,17-07-2022,NARANJA,1
1,18-07-2022,ROJO,1
1,22-07-2022,NARANJA,1
2,07-10-2021,ROJO,1
1,22-07-2022,ROJO,1
1,23-05-2022,AMARILLO,1
1,24-09-2021,AMARILLO,1
1,30-08-2021,AMARILLO,1
1,30-09-2019,NARANJA,1
1,31-07-2022,AMARILLO,1
2,03-08-2020,AMARILLO,1
2,06-01-2022,AMARILLO,1
2,06-10-2021,AMARILLO,1
2,07-07-2020,AMARILLO,1
2,26-06-2020,AMARILLO,1
2,26-10-2019,NARANJA,1
5,10-01-2021,AMARILLO,1
5,03-05-2020,AMARILLO,1
4,20-03-2022,AMARILLO,1
4,27-02-2020,AMARILLO,1
4,27-02-2020,NARANJA,1
4,27-06-2022,AMARILLO,1
4,28-03-2022,NARANJA,1
4,28-04-2020,AMARILLO,1
4,30-09-2019,NARANJA,1
5,01-10-2021,AMARILLO,1
5,01-12-2019,NARANJA,1
5,02-10-2021,AMARILLO,1
5,04-09-2020,AMARILLO,1
4,18-06-2022,AMARILLO,1
5,04-10-2019,NARANJA,1
5,05-01-2021,AMARILLO,1
5,05-01-2021,NARANJA,1
5,05-01-2021,ROJO,1
5,05-10-2021,AMARILLO,1
5,07-05-2020,AMARILLO,1
5,07-09-2021,AMARILLO,1
5,07-09-2021,NARANJA,1
5,08-10-2021,AMARILLO,1
5,09-09-2021,AMARILLO,1
4,19-05-2022,AMARILLO,1
4,13-07-2022,AMARILLO,1
2,27-10-2021,AMARILLO,1
3,11-06-2022,NARANJA,1
2,27-10-2021,NARANJA,1
2,28-02-2020,AMARILLO,1
2,29-01-2020,AMARILLO,1
2,29-08-2020,AMARILLO,1
2,30-04-2020,NARANJA,1
2,30-06-2020,AMARILLO,1
2,30-06-2022,AMARILLO,1
2,31-08-2020,AMARILLO,1
3,03-06-2022,AMARILLO,1
3,11-06-2022,AMARILLO,1
3,18-06-2022,AMARILLO,1
4,13-06-2022,AMARILLO,1
3,19-07-2022,AMARILLO,1
3,25-06-2022,AMARILLO,1
3,26-06-2022,AMARILLO,1
3,26-06-2022,NARANJA,1
3,28-09-2022,AMARILLO,1
4,02-04-2020,NARANJA,1
4,03-04-2020,AMARILLO,1
4,03-04-2020,NARANJA,1
4,09-10-2019,AMARILLO,1
4,11-06-2022,AMARILLO,1
7,25-03-2022,AMARILLO,1
7,27-02-2020,AMARILLO,1
15,28-07-2022,ROJO,1
7,27-02-2020,NARANJA,1
11,11-11-2019,AMARILLO,1
11,11-11-2019,NARANJA,1
11,14-07-2022,AMARILLO,1
11,16-08-2020,AMARILLO,1
11,16-12-2019,AMARILLO,1
11,17-08-2021,AMARILLO,1
11,19-08-2020,AMARILLO,1
11,20-03-2022,AMARILLO,1
11,20-05-2022,AMARILLO,1
11,20-09-2021,AMARILLO,1
11,21-09-2021,AMARILLO,1
11,22-11-2019,AMARILLO,1
11,22-11-2019,NARANJA,1
11,24-01-2020,AMARILLO,1
11,24-08-2020,AMARILLO,1
11,27-11-2021,NARANJA,1
11,28-06-2022,AMARILLO,1
11,28-10-2021,AMARILLO,1
11,30-07-2020,AMARILLO,1
11,30-10-2021,AMARILLO,1
11,31-03-2022,AMARILLO,1
11,31-12-2021,AMARILLO,1
12,13-05-2022,AMARILLO,1
11,10-06-2022,AMARILLO,1
11,08-10-2021,AMARILLO,1
11,04-09-2020,AMARILLO,1
10,28-12-2021,AMARILLO,1
10,27-08-2020,AMARILLO,1
10,27-10-2021,AMARILLO,1
10,27-10-2021,NARANJA,1
10,27-11-2020,AMARILLO,1
10,27-12-2021,AMARILLO,1
10,28-02-2022,AMARILLO,1
10,28-05-2022,AMARILLO,1
10,28-10-2021,AMARILLO,1
10,28-11-2021,AMARILLO,1
10,28-11-2021,NARANJA,1
10,28-12-2021,NARANJA,1
11,04-06-2022,AMARILLO,1
10,29-03-2022,NARANJA,1
10,29-09-2020,AMARILLO,1
10,29-09-2020,NARANJA,1
10,30-05-2022,AMARILLO,1
10,30-05-2022,NARANJA,1
10,30-06-2020,NARANJA,1
10,30-10-2021,AMARILLO,1
10,30-10-2021,NARANJA,1
10,31-05-2022,ROJO,1
11,03-07-2020,AMARILLO,1
12,13-07-2022,AMARILLO,1
12,13-07-2022,NARANJA,1
12,17-07-2022,AMARILLO,1
15,05-12-2020,NARANJA,1
14,30-05-2022,NARANJA,1
14,30-12-2021,AMARILLO,1
14,30-12-2021,NARANJA,1
15,01-07-2022,AMARILLO,1
15,01-10-2020,AMARILLO,1
15,02-07-2022,AMARILLO,1
15,04-08-2022,ROJO,1
15,04-10-2021,AMARILLO,1
15,04-12-2021,NARANJA,1
15,05-12-2020,AMARILLO,1
15,07-09-2021,AMARILLO,1
14,24-10-2021,NARANJA,1
15,07-09-2021,NARANJA,1
15,09-12-2020,AMARILLO,1
15,11-05-2022,AMARILLO,1
15,11-06-2022,NARANJA,1
15,14-09-2020,AMARILLO,1
15,19-12-2020,AMARILLO,1
15,19-12-2020,NARANJA,1
15,23-12-2019,AMARILLO,1
15,24-09-2020,AMARILLO,1
15,24-12-2019,AMARILLO,1
14,29-03-2022,NARANJA,1
14,24-10-2021,AMARILLO,1
12,17-07-2022,NARANJA,1
14,02-12-2021,AMARILLO,1
12,18-05-2022,AMARILLO,1
12,18-06-2022,NARANJA,1
12,18-06-2022,ROJO,1
12,20-06-2022,ROJO,1
12,31-08-2022,NARANJA,1
12,31-08-2022,ROJO,1
13,27-05-2022,AMARILLO,1
13,31-05-2022,AMARILLO,1
14,02-01-2022,AMARILLO,1
14,02-01-2022,NARANJA,1
14,09-06-2022,AMARILLO,1
14,23-10-2021,AMARILLO,1
14,10-02-2022,AMARILLO,1
14,10-10-2021,AMARILLO,1
14,10-10-2021,NARANJA,1
14,13-12-2021,AMARILLO,1
14,13-12-2021,NARANJA,1
14,18-12-2021,AMARILLO,1
14,18-12-2021,NARANJA,1
14,19-03-2022,AMARILLO,1
14,20-07-2021,AMARILLO,1
14,21-09-2021,NARANJA,1
10,27-07-2020,AMARILLO,1
10,27-06-2022,AMARILLO,1
10,27-02-2020,AMARILLO,1
9,14-08-2020,AMARILLO,1
9,04-03-2021,AMARILLO,1
9,05-04-2022,AMARILLO,1
9,06-02-2022,AMARILLO,1
9,07-01-2022,NARANJA,1
9,07-02-2022,AMARILLO,1
9,09-09-2021,AMARILLO,1
9,10-09-2021,AMARILLO,1
9,11-07-2022,ROJO,1
9,11-11-2019,AMARILLO,1
9,12-02-2021,AMARILLO,1
9,16-11-2019,AMARILLO,1
9,03-04-2022,AMARILLO,1
9,17-05-2022,AMARILLO,1
9,17-11-2019,AMARILLO,1
9,18-02-2022,AMARILLO,1
9,18-05-2022,AMARILLO,1
9,18-05-2022,NARANJA,1
9,19-05-2022,AMARILLO,1
9,21-08-2020,NARANJA,1
9,21-09-2021,AMARILLO,1
9,22-05-2022,AMARILLO,1
9,22-06-2022,AMARILLO,1
9,03-04-2022,NARANJA,1
9,03-01-2022,ROJO,1
9,22-08-2020,NARANJA,1
8,10-05-2022,NARANJA,1
7,28-02-2022,AMARILLO,1
7,28-02-2022,NARANJA,1
7,29-03-2022,AMARILLO,1
7,29-03-2022,ROJO,1
7,30-06-2022,AMARILLO,1
7,31-03-2022,AMARILLO,1
8,02-09-2022,NARANJA,1
8,03-09-2022,AMARILLO,1
8,05-05-2022,AMARILLO,1
8,05-05-2022,NARANJA,1
8,12-06-2022,AMARILLO,1
9,03-01-2022,AMARILLO,1
8,13-06-2022,AMARILLO,1
8,13-06-2022,NARANJA,1
8,14-06-2022,NARANJA,1
8,17-05-2022,AMARILLO,1
8,17-05-2022,ROJO,1
8,20-06-2022,AMARILLO,1
8,21-06-2022,AMARILLO,1
9,02-01-2022,AMARILLO,1
9,02-06-2022,AMARILLO,1
9,02-06-2022,NARANJA,1
9,22-08-2020,AMARILLO,1
9,24-01-2020,AMARILLO,1
10,26-11-2021,ROJO,1
10,19-07-2021,AMARILLO,1
10,14-09-2020,AMARILLO,1
10,14-11-2019,AMARILLO,1
10,15-08-2020,AMARILLO,1
10,17-05-2020,AMARILLO,1
10,17-05-2020,NARANJA,1
10,18-02-2022,AMARILLO,1
10,18-09-2020,AMARILLO,1
10,18-09-2020,NARANJA,1
10,19-05-2022,AMARILLO,1
10,19-06-2022,AMARILLO,1
10,19-08-2020,AMARILLO,1
10,13-12-2019,AMARILLO,1
10,19-10-2019,AMARILLO,1
10,20-05-2022,NARANJA,1
10,20-12-2019,AMARILLO,1
10,21-08-2020,AMARILLO,1
10,21-12-2019,AMARILLO,1
10,23-10-2019,AMARILLO,1
10,24-02-2020,AMARILLO,1
10,24-02-2020,NARANJA,1
10,26-11-2021,AMARILLO,1
10,26-11-2021,NARANJA,1
10,14-06-2022,NARANJA,1
10,13-06-2022,NARANJA,1
9,26-06-2022,AMARILLO,1
10,06-05-2022,AMARILLO,1
9,26-08-2020,AMARILLO,1
9,29-05-2022,AMARILLO,1
9,31-08-2021,AMARILLO,1
10,02-01-2020,AMARILLO,1
10,02-01-2022,AMARILLO,1
10,02-01-2022,NARANJA,1
10,02-04-2020,AMARILLO,1
10,03-04-2020,AMARILLO,1
10,03-07-2020,AMARILLO,1
10,05-01-2021,NARANJA,1
10,06-06-2022,NARANJA,1
10,12-11-2020,AMARILLO,1
10,07-05-2020,AMARILLO,1
10,07-06-2022,NARANJA,1
10,07-11-2019,AMARILLO,1
10,08-01-2021,AMARILLO,1
10,09-12-2019,AMARILLO,1
10,09-12-2019,NARANJA,1
10,10-07-2021,AMARILLO,1
10,11-09-2022,NARANJA,1
10,12-07-2021,AMARILLO,1
10,12-08-2022,NARANJA,1
24,18-12-2021,NARANJA,1
24,19-05-2022,AMARILLO,1
45,23-03-2022,AMARILLO,1
37,13-07-2022,AMARILLO,1
37,21-10-2021,AMARILLO,1
37,21-12-2019,AMARILLO,1
37,22-06-2022,AMARILLO,1
37,23-10-2019,AMARILLO,1
37,23-10-2019,NARANJA,1
37,24-02-2020,AMARILLO,1
37,24-11-2019,ROJO,1
37,25-07-2022,AMARILLO,1
37,25-07-2022,NARANJA,1
37,25-07-2022,ROJO,1
37,26-10-2020,AMARILLO,1
37,27-08-2021,AMARILLO,1
37,27-12-2020,AMARILLO,1
37,27-12-2020,NARANJA,1
37,28-06-2022,AMARILLO,1
37,28-06-2022,NARANJA,1
37,28-12-2020,AMARILLO,1
37,29-06-2022,NARANJA,1
37,29-07-2020,AMARILLO,1
37,29-11-2020,AMARILLO,1
37,30-06-2020,AMARILLO,1
37,30-06-2020,NARANJA,1
37,30-11-2020,AMARILLO,1
37,21-10-2019,NARANJA,1
37,21-09-2021,AMARILLO,1
37,21-08-2021,ROJO,1
37,17-06-2022,AMARILLO,1
37,13-12-2021,NARANJA,1
37,14-11-2019,AMARILLO,1
37,14-11-2019,ROJO,1
37,14-12-2019,AMARILLO,1
37,14-12-2019,NARANJA,1
37,15-05-2020,AMARILLO,1
37,15-10-2020,AMARILLO,1
37,15-11-2020,AMARILLO,1
37,16-03-2020,AMARILLO,1
37,16-03-2020,NARANJA,1
37,17-12-2019,AMARILLO,1
37,21-04-2020,NARANJA,1
37,17-12-2019,NARANJA,1
37,18-02-2022,AMARILLO,1
37,18-02-2022,NARANJA,1
37,18-09-2020,NARANJA,1
37,18-10-2021,NARANJA,1
37,19-03-2020,AMARILLO,1
37,19-09-2020,AMARILLO,1
37,20-11-2019,AMARILLO,1
37,21-03-2022,AMARILLO,1
37,21-04-2020,AMARILLO,1
37,30-12-2020,AMARILLO,1
37,31-10-2020,AMARILLO,1
37,31-10-2020,NARANJA,1
38,18-06-2022,AMARILLO,1
38,13-03-2020,AMARILLO,1
38,13-03-2020,NARANJA,1
38,15-11-2020,AMARILLO,1
38,16-11-2019,AMARILLO,1
38,16-11-2021,AMARILLO,1
38,17-11-2019,AMARILLO,1
38,17-11-2019,NARANJA,1
38,17-11-2021,AMARILLO,1
38,17-12-2019,AMARILLO,1
38,17-12-2019,NARANJA,1
38,18-08-2021,NARANJA,1
38,12-06-2020,AMARILLO,1
38,19-02-2022,AMARILLO,1
38,19-05-2022,AMARILLO,1
38,19-07-2021,AMARILLO,1
38,20-10-2019,AMARILLO,1
38,21-11-2020,AMARILLO,1
38,21-11-2021,NARANJA,1
38,22-11-2019,AMARILLO,1
38,22-11-2021,NARANJA,1
38,23-05-2022,AMARILLO,1
38,23-06-2020,AMARILLO,1
38,13-02-2021,AMARILLO,1
38,11-07-2022,AMARILLO,1
38,01-11-2020,AMARILLO,1
38,06-05-2021,AMARILLO,1
38,02-01-2021,AMARILLO,1
38,02-06-2022,AMARILLO,1
38,02-09-2020,AMARILLO,1
38,02-11-2020,AMARILLO,1
38,04-05-2021,AMARILLO,1
38,04-06-2021,AMARILLO,1
38,05-05-2021,AMARILLO,1
38,05-05-2021,NARANJA,1
38,05-11-2021,AMARILLO,1
38,06-03-2021,NARANJA,1
38,06-06-2020,AMARILLO,1
38,11-07-2021,AMARILLO,1
38,06-07-2020,AMARILLO,1
38,06-07-2020,NARANJA,1
38,06-11-2021,AMARILLO,1
38,07-01-2022,AMARILLO,1
38,07-01-2022,NARANJA,1
38,07-09-2020,AMARILLO,1
38,08-05-2022,AMARILLO,1
38,10-07-2021,AMARILLO,1
38,11-06-2021,AMARILLO,1
38,11-06-2021,NARANJA,1
37,13-07-2022,ROJO,1
37,13-07-2020,AMARILLO,1
24,19-05-2022,NARANJA,1
37,13-06-2020,AMARILLO,1
36,19-10-2019,AMARILLO,1
36,20-07-2021,AMARILLO,1
36,20-11-2019,AMARILLO,1
36,20-11-2019,NARANJA,1
36,21-03-2022,AMARILLO,1
36,21-03-2022,NARANJA,1
36,21-04-2020,AMARILLO,1
36,21-04-2020,NARANJA,1
36,21-08-2020,AMARILLO,1
36,21-08-2020,NARANJA,1
36,21-11-2019,AMARILLO,1
36,22-03-2022,NARANJA,1
36,22-06-2020,AMARILLO,1
36,22-11-2020,AMARILLO,1
36,22-11-2020,NARANJA,1
36,23-08-2021,AMARILLO,1
36,23-08-2021,NARANJA,1
36,25-02-2021,AMARILLO,1
36,25-02-2021,NARANJA,1
36,25-07-2020,AMARILLO,1
36,25-07-2020,NARANJA,1
36,25-08-2021,NARANJA,1
36,26-08-2021,NARANJA,1
36,19-06-2022,AMARILLO,1
36,19-06-2020,NARANJA,1
36,19-06-2020,AMARILLO,1
36,16-04-2020,AMARILLO,1
36,13-12-2020,AMARILLO,1
36,13-12-2020,NARANJA,1
36,14-06-2022,AMARILLO,1
36,14-06-2022,NARANJA,1
36,14-08-2020,AMARILLO,1
36,14-08-2020,NARANJA,1
36,14-09-2020,AMARILLO,1
36,15-03-2020,AMARILLO,1
36,15-03-2020,NARANJA,1
36,16-03-2020,AMARILLO,1
36,16-07-2022,AMARILLO,1
36,18-11-2019,NARANJA,1
36,16-07-2022,NARANJA,1
36,16-10-2021,ROJO,1
36,17-05-2020,AMARILLO,1
36,17-05-2020,NARANJA,1
36,18-01-2021,AMARILLO,1
36,18-01-2021,NARANJA,1
36,18-09-2020,AMARILLO,1
36,18-10-2021,AMARILLO,1
36,18-10-2021,NARANJA,1
36,18-11-2019,AMARILLO,1
36,27-12-2020,AMARILLO,1
36,27-12-2020,NARANJA,1
36,27-12-2020,ROJO,1
37,09-12-2019,AMARILLO,1
37,05-01-2021,NARANJA,1
37,06-07-2020,AMARILLO,1
37,06-10-2021,NARANJA,1
37,07-12-2019,AMARILLO,1
37,08-02-2022,AMARILLO,1
37,08-09-2020,AMARILLO,1
37,08-10-2020,AMARILLO,1
37,09-06-2022,AMARILLO,1
37,09-09-2020,AMARILLO,1
37,09-09-2020,NARANJA,1
37,10-07-2022,AMARILLO,1
37,04-11-2019,NARANJA,1
37,10-09-2020,AMARILLO,1
37,11-02-2021,AMARILLO,1
37,11-03-2021,AMARILLO,1
37,11-06-2022,NARANJA,1
37,11-07-2020,AMARILLO,1
37,11-11-2019,AMARILLO,1
37,12-11-2020,AMARILLO,1
37,12-11-2020,NARANJA,1
37,12-11-2020,ROJO,1
37,12-12-2021,NARANJA,1
37,04-12-2021,AMARILLO,1
37,04-10-2020,NARANJA,1
36,28-02-2022,AMARILLO,1
36,30-12-2020,NARANJA,1
36,28-02-2022,NARANJA,1
36,28-03-2022,AMARILLO,1
36,28-03-2022,NARANJA,1
36,28-07-2022,ROJO,1
36,28-12-2020,AMARILLO,1
36,28-12-2020,NARANJA,1
36,29-01-2020,AMARILLO,1
36,29-07-2020,AMARILLO,1
36,29-09-2020,AMARILLO,1
36,30-12-2020,AMARILLO,1
36,31-05-2022,AMARILLO,1
37,04-03-2022,AMARILLO,1
36,31-05-2022,NARANJA,1
36,31-05-2022,ROJO,1
37,01-04-2020,AMARILLO,1
37,01-06-2020,AMARILLO,1
37,01-09-2022,AMARILLO,1
37,01-11-2019,AMARILLO,1
37,02-01-2022,ROJO,1
37,03-03-2022,AMARILLO,1
37,04-01-2020,AMARILLO,1
37,04-02-2020,AMARILLO,1
38,23-06-2020,NARANJA,1
38,23-08-2020,AMARILLO,1
38,23-09-2020,AMARILLO,1
38,23-09-2020,NARANJA,1
43,18-05-2022,AMARILLO,1
43,18-05-2022,NARANJA,1
43,18-06-2022,AMARILLO,1
43,26-08-2022,NARANJA,1
43,26-08-2022,ROJO,1
43,27-06-2022,AMARILLO,1
43,30-05-2022,AMARILLO,1
44,02-06-2022,AMARILLO,1
44,10-07-2022,AMARILLO,1
44,11-06-2022,AMARILLO,1
44,11-06-2022,NARANJA,1
44,16-09-2022,AMARILLO,1
44,18-06-2022,AMARILLO,1
44,18-06-2022,NARANJA,1
45,01-07-2020,AMARILLO,1
45,02-07-2022,AMARILLO,1
45,02-07-2022,NARANJA,1
45,02-10-2021,AMARILLO,1
45,02-11-2020,AMARILLO,1
45,02-12-2020,AMARILLO,1
45,02-12-2020,NARANJA,1
45,03-06-2021,AMARILLO,1
45,03-06-2021,NARANJA,1
43,17-06-2022,AMARILLO,1
43,17-05-2022,AMARILLO,1
43,14-06-2022,ROJO,1
41,26-08-2020,AMARILLO,1
41,21-10-2020,NARANJA,1
41,22-05-2020,NARANJA,1
41,22-09-2020,AMARILLO,1
41,24-02-2020,AMARILLO,1
41,24-02-2020,NARANJA,1
41,24-06-2022,AMARILLO,1
41,24-09-2020,AMARILLO,1
41,25-04-2020,AMARILLO,1
41,25-04-2020,NARANJA,1
41,26-07-2020,AMARILLO,1
41,27-08-2020,AMARILLO,1
43,14-06-2022,NARANJA,1
41,27-08-2020,NARANJA,1
41,27-10-2020,AMARILLO,1
41,28-07-2020,AMARILLO,1
41,30-04-2020,NARANJA,1
41,30-06-2022,AMARILLO,1
41,31-10-2020,AMARILLO,1
41,31-12-2019,AMARILLO,1
42,10-05-2022,AMARILLO,1
42,19-06-2022,NARANJA,1
43,03-06-2022,AMARILLO,1
45,03-09-2020,NARANJA,1
45,03-10-2020,AMARILLO,1
45,03-10-2020,NARANJA,1
45,19-11-2020,NARANJA,1
45,15-10-2019,AMARILLO,1
45,16-03-2022,AMARILLO,1
45,16-05-2022,AMARILLO,1
45,16-06-2021,AMARILLO,1
45,16-08-2020,NARANJA,1
45,16-10-2019,AMARILLO,1
45,18-06-2022,NARANJA,1
45,19-10-2021,AMARILLO,1
45,19-10-2021,NARANJA,1
45,19-11-2020,AMARILLO,1
45,20-09-2021,AMARILLO,1
45,14-09-2020,AMARILLO,1
45,21-07-2021,AMARILLO,1
45,21-07-2021,NARANJA,1
45,21-10-2019,AMARILLO,1
45,21-10-2019,NARANJA,1
45,22-03-2020,AMARILLO,1
45,22-05-2022,AMARILLO,1
45,22-07-2020,AMARILLO,1
45,22-08-2022,AMARILLO,1
45,22-09-2021,AMARILLO,1
45,23-02-2021,NARANJA,1
45,15-06-2021,AMARILLO,1
45,14-06-2020,AMARILLO,1
45,03-10-2021,AMARILLO,1
45,07-12-2021,AMARILLO,1
45,04-07-2021,AMARILLO,1
45,05-08-2021,ROJO,1
45,05-09-2021,AMARILLO,1
45,05-10-2021,AMARILLO,1
45,05-11-2020,AMARILLO,1
45,06-06-2021,AMARILLO,1
45,06-06-2022,AMARILLO,1
45,06-10-2021,AMARILLO,1
45,06-11-2020,AMARILLO,1
45,07-07-2020,AMARILLO,1
45,08-05-2022,AMARILLO,1
45,13-10-2020,AMARILLO,1
45,10-05-2021,AMARILLO,1
45,10-05-2022,AMARILLO,1
45,11-10-2020,AMARILLO,1
45,12-01-2021,AMARILLO,1
45,12-01-2021,NARANJA,1
45,12-06-2020,AMARILLO,1
45,12-08-2021,ROJO,1
45,13-05-2021,AMARILLO,1
45,13-06-2021,AMARILLO,1
45,13-06-2022,AMARILLO,1
41,21-10-2020,AMARILLO,1
41,21-10-2019,NARANJA,1
41,21-10-2019,AMARILLO,1
39,18-02-2022,AMARILLO,1
39,12-07-2021,AMARILLO,1
39,12-07-2021,NARANJA,1
39,13-03-2020,AMARILLO,1
39,13-07-2020,AMARILLO,1
39,13-08-2021,AMARILLO,1
39,13-11-2020,AMARILLO,1
39,13-11-2020,NARANJA,1
39,14-06-2020,AMARILLO,1
39,16-04-2020,AMARILLO,1
39,16-10-2021,AMARILLO,1
39,18-05-2022,NARANJA,1
39,07-07-2020,AMARILLO,1
39,19-08-2021,AMARILLO,1
39,19-08-2021,NARANJA,1
39,19-11-2020,AMARILLO,1
39,23-06-2022,AMARILLO,1
39,24-06-2022,AMARILLO,1
39,24-09-2021,NARANJA,1
39,25-09-2021,NARANJA,1
39,25-10-2019,AMARILLO,1
39,27-03-2022,NARANJA,1
39,28-10-2021,AMARILLO,1
39,11-07-2022,AMARILLO,1
39,05-06-2020,AMARILLO,1
39,30-06-2020,AMARILLO,1
38,30-11-2020,AMARILLO,1
38,24-09-2021,AMARILLO,1
38,25-02-2020,AMARILLO,1
38,25-11-2019,AMARILLO,1
38,26-01-2020,AMARILLO,1
38,26-01-2022,AMARILLO,1
38,26-07-2020,AMARILLO,1
38,26-07-2020,NARANJA,1
38,26-08-2020,AMARILLO,1
38,27-03-2022,AMARILLO,1
38,28-06-2020,NARANJA,1
38,30-11-2020,NARANJA,1
39,04-07-2020,NARANJA,1
38,31-03-2022,AMARILLO,1
38,31-03-2022,NARANJA,1
39,01-11-2019,AMARILLO,1
39,02-06-2022,AMARILLO,1
39,02-12-2020,AMARILLO,1
39,03-04-2022,AMARILLO,1
39,03-07-2020,AMARILLO,1
39,04-01-2020,AMARILLO,1
39,04-01-2020,NARANJA,1
39,04-07-2020,AMARILLO,1
39,29-07-2021,AMARILLO,1
39,30-06-2020,NARANJA,1
41,21-08-2020,NARANJA,1
41,13-05-2020,AMARILLO,1
41,03-08-2020,AMARILLO,1
41,04-10-2020,NARANJA,1
41,05-06-2022,AMARILLO,1
41,08-05-2020,AMARILLO,1
41,08-05-2020,NARANJA,1
41,08-09-2020,AMARILLO,1
41,10-10-2020,AMARILLO,1
41,10-10-2020,NARANJA,1
41,11-11-2019,AMARILLO,1
41,13-04-2020,AMARILLO,1
41,13-11-2020,NARANJA,1
41,02-10-2020,AMARILLO,1
41,16-07-2020,AMARILLO,1
41,16-08-2020,AMARILLO,1
41,16-08-2020,NARANJA,1
41,16-10-2020,AMARILLO,1
41,16-10-2020,NARANJA,1
41,17-07-2022,AMARILLO,1
41,18-06-2022,AMARILLO,1
41,18-06-2022,NARANJA,1
41,18-10-2020,AMARILLO,1
41,20-12-2020,NARANJA,1
41,03-04-2020,AMARILLO,1
41,02-01-2020,AMARILLO,1
39,30-07-2020,AMARILLO,1
40,11-06-2022,NARANJA,1
39,30-10-2021,AMARILLO,1
40,03-11-2021,AMARILLO,1
40,03-11-2021,NARANJA,1
40,04-06-2022,AMARILLO,1
40,04-11-2021,AMARILLO,1
40,05-04-2022,AMARILLO,1
40,05-05-2022,AMARILLO,1
40,06-05-2022,AMARILLO,1
40,07-02-2022,NARANJA,1
40,09-05-2022,AMARILLO,1
40,11-07-2022,NARANJA,1
41,01-06-2022,AMARILLO,1
40,14-11-2021,AMARILLO,1
40,15-11-2021,AMARILLO,1
40,21-09-2022,AMARILLO,1
40,23-05-2022,AMARILLO,1
40,25-06-2022,AMARILLO,1
40,28-03-2022,AMARILLO,1
40,29-10-2021,AMARILLO,1
40,30-10-2021,AMARILLO,1
40,30-10-2021,NARANJA,1
41,01-03-2021,NARANJA,1
36,13-07-2021,NARANJA,1
36,13-06-2020,AMARILLO,1
36,12-11-2020,NARANJA,1
30,18-05-2022,AMARILLO,1
28,07-02-2022,AMARILLO,1
28,07-10-2019,AMARILLO,1
28,07-10-2019,NARANJA,1
28,08-05-2021,AMARILLO,1
28,08-05-2022,NARANJA,1
28,08-05-2022,ROJO,1
28,08-07-2022,AMARILLO,1
28,09-05-2022,ROJO,1
28,09-06-2021,AMARILLO,1
28,09-08-2022,AMARILLO,1
28,10-07-2022,AMARILLO,1
28,10-07-2022,NARANJA,1
28,10-09-2021,AMARILLO,1
28,11-05-2022,AMARILLO,1
28,11-07-2021,AMARILLO,1
28,11-07-2022,AMARILLO,1
28,11-07-2022,NARANJA,1
28,11-10-2019,AMARILLO,1
28,14-06-2021,AMARILLO,1
28,14-06-2022,AMARILLO,1
28,14-06-2022,NARANJA,1
28,15-06-2022,AMARILLO,1
28,16-06-2021,NARANJA,1
28,06-09-2021,AMARILLO,1
28,05-10-2021,AMARILLO,1
28,05-09-2021,AMARILLO,1
28,01-11-2021,NARANJA,1
25,29-05-2021,AMARILLO,1
25,29-07-2020,AMARILLO,1
25,29-07-2020,NARANJA,1
25,30-05-2020,AMARILLO,1
25,30-06-2022,AMARILLO,1
25,31-03-2022,AMARILLO,1
25,31-07-2020,AMARILLO,1
28,01-05-2021,NARANJA,1
28,01-09-2021,AMARILLO,1
28,01-11-2021,AMARILLO,1
28,02-05-2021,NARANJA,1
28,05-05-2022,ROJO,1
28,02-10-2021,AMARILLO,1
28,02-12-2019,AMARILLO,1
28,02-12-2019,NARANJA,1
28,03-01-2020,AMARILLO,1
28,03-09-2021,AMARILLO,1
28,03-09-2022,AMARILLO,1
28,04-02-2020,AMARILLO,1
28,04-06-2021,AMARILLO,1
28,04-07-2021,AMARILLO,1
28,05-05-2021,AMARILLO,1
28,16-06-2022,AMARILLO,1
28,17-05-2022,AMARILLO,1
28,17-05-2022,NARANJA,1
29,17-06-2022,NARANJA,1
28,27-10-2019,AMARILLO,1
28,27-10-2019,NARANJA,1
28,28-05-2021,NARANJA,1
28,28-06-2021,AMARILLO,1
28,29-05-2022,AMARILLO,1
29,06-06-2022,AMARILLO,1
29,10-06-2022,AMARILLO,1
29,15-06-2022,AMARILLO,1
29,15-06-2022,NARANJA,1
29,15-06-2022,ROJO,1
29,24-06-2022,AMARILLO,1
28,26-10-2019,NARANJA,1
29,25-06-2022,AMARILLO,1
29,27-05-2022,NARANJA,1
29,29-05-2022,AMARILLO,1
30,01-04-2022,AMARILLO,1
30,01-04-2022,ROJO,1
30,07-01-2022,AMARILLO,1
30,11-05-2022,AMARILLO,1
30,11-05-2022,NARANJA,1
30,17-03-2022,AMARILLO,1
30,17-03-2022,NARANJA,1
28,27-07-2021,ROJO,1
28,26-10-2019,AMARILLO,1
28,17-07-2022,AMARILLO,1
28,23-06-2021,NARANJA,1
28,18-06-2022,AMARILLO,1
28,18-06-2022,ROJO,1
28,18-09-2021,NARANJA,1
28,19-02-2020,AMARILLO,1
28,19-08-2021,AMARILLO,1
28,19-08-2021,NARANJA,1
28,20-12-2019,AMARILLO,1
28,21-03-2022,AMARILLO,1
28,22-06-2021,AMARILLO,1
28,23-06-2021,AMARILLO,1
28,23-07-2022,AMARILLO,1
28,26-06-2021,AMARILLO,1
28,23-07-2022,ROJO,1
28,23-10-2019,AMARILLO,1
28,24-06-2022,AMARILLO,1
28,24-06-2022,NARANJA,1
28,24-06-2022,ROJO,1
28,25-06-2022,ROJO,1
28,25-12-2019,AMARILLO,1
28,25-12-2019,NARANJA,1
28,26-01-2020,AMARILLO,1
28,26-01-2020,NARANJA,1
25,29-03-2022,NARANJA,1
25,28-10-2021,NARANJA,1
25,28-10-2021,AMARILLO,1
25,07-05-2020,AMARILLO,1
25,03-09-2020,AMARILLO,1
25,03-09-2020,NARANJA,1
25,03-10-2020,AMARILLO,1
25,04-04-2022,AMARILLO,1
25,04-05-2021,AMARILLO,1
25,04-06-2021,AMARILLO,1
25,04-06-2021,NARANJA,1
25,04-07-2022,AMARILLO,1
25,04-07-2022,NARANJA,1
25,05-07-2022,AMARILLO,1
25,07-05-2020,NARANJA,1
25,03-06-2021,AMARILLO,1
25,07-10-2019,AMARILLO,1
25,08-06-2020,AMARILLO,1
25,08-06-2020,NARANJA,1
25,09-05-2022,AMARILLO,1
25,09-05-2022,NARANJA,1
25,10-03-2021,AMARILLO,1
25,10-07-2022,AMARILLO,1
25,10-11-2020,AMARILLO,1
25,11-10-2020,AMARILLO,1
25,12-05-2022,NARANJA,1
25,03-06-2021,NARANJA,1
25,03-05-2020,NARANJA,1
25,12-06-2020,AMARILLO,1
24,29-06-2022,AMARILLO,1
24,19-07-2021,AMARILLO,1
24,20-06-2022,AMARILLO,1
24,21-11-2020,AMARILLO,1
24,21-11-2020,NARANJA,1
24,22-06-2022,AMARILLO,1
24,22-12-2019,AMARILLO,1
24,25-02-2021,AMARILLO,1
24,26-06-2020,AMARILLO,1
24,27-12-2021,NARANJA,1
24,28-09-2020,AMARILLO,1
24,29-06-2022,NARANJA,1
25,03-05-2020,AMARILLO,1
24,30-04-2020,AMARILLO,1
24,30-12-2021,AMARILLO,1
25,01-03-2021,AMARILLO,1
25,01-05-2021,AMARILLO,1
25,01-10-2021,NARANJA,1
25,01-11-2021,AMARILLO,1
25,02-07-2021,AMARILLO,1
25,02-11-2020,AMARILLO,1
25,02-12-2020,AMARILLO,1
25,02-12-2020,NARANJA,1
25,12-05-2022,ROJO,1
25,12-08-2021,AMARILLO,1
25,27-07-2021,AMARILLO,1
25,23-05-2020,AMARILLO,1
25,21-04-2020,AMARILLO,1
25,21-04-2020,NARANJA,1
25,21-05-2020,NARANJA,1
25,21-06-2021,AMARILLO,1
25,21-06-2022,AMARILLO,1
25,21-09-2020,AMARILLO,1
25,21-10-2019,AMARILLO,1
25,21-10-2019,NARANJA,1
25,22-05-2022,AMARILLO,1
25,23-03-2022,AMARILLO,1
25,23-07-2022,NARANJA,1
25,19-10-2021,AMARILLO,1
25,24-09-2020,AMARILLO,1
25,24-09-2020,NARANJA,1
25,24-10-2020,AMARILLO,1
25,25-05-2020,AMARILLO,1
25,25-09-2020,AMARILLO,1
25,26-11-2020,NARANJA,1
25,27-02-2021,AMARILLO,1
25,27-05-2020,AMARILLO,1
25,27-05-2020,NARANJA,1
25,27-06-2022,AMARILLO,1
25,20-07-2022,ROJO,1
25,19-07-2022,ROJO,1
25,12-08-2021,NARANJA,1
25,15-10-2020,AMARILLO,1
25,13-05-2022,ROJO,1
25,13-07-2020,AMARILLO,1
25,13-08-2021,AMARILLO,1
25,14-05-2022,AMARILLO,1
25,14-06-2020,AMARILLO,1
25,14-06-2020,NARANJA,1
25,14-06-2021,AMARILLO,1
25,14-08-2022,NARANJA,1
25,14-11-2020,AMARILLO,1
25,14-11-2021,AMARILLO,1
25,15-11-2021,AMARILLO,1
25,19-07-2022,NARANJA,1
25,16-05-2022,AMARILLO,1
25,16-05-2022,NARANJA,1
25,16-07-2020,AMARILLO,1
25,16-07-2020,NARANJA,1
25,17-06-2020,AMARILLO,1
25,17-10-2020,AMARILLO,1
25,18-11-2020,NARANJA,1
25,19-05-2022,AMARILLO,1
25,19-07-2021,NARANJA,1
25,19-07-2022,AMARILLO,1
30,17-12-2021,AMARILLO,1
30,18-05-2022,NARANJA,1
36,12-11-2020,AMARILLO,1
30,21-06-2022,NARANJA,1
35,10-06-2022,NARANJA,1
35,10-08-2021,AMARILLO,1
35,10-08-2021,NARANJA,1
35,10-09-2021,AMARILLO,1
35,11-09-2021,AMARILLO,1
35,11-09-2021,NARANJA,1
35,12-01-2021,AMARILLO,1
35,13-12-2019,AMARILLO,1
35,17-05-2020,AMARILLO,1
35,18-11-2019,AMARILLO,1
35,21-11-2020,AMARILLO,1
35,22-09-2020,NARANJA,1
35,23-02-2021,AMARILLO,1
35,23-09-2020,AMARILLO,1
35,25-10-2019,AMARILLO,1
35,26-07-2020,AMARILLO,1
35,26-07-2020,NARANJA,1
35,27-07-2020,AMARILLO,1
35,28-10-2019,AMARILLO,1
35,30-07-2020,AMARILLO,1
35,30-07-2020,NARANJA,1
35,31-05-2020,AMARILLO,1
35,31-05-2020,NARANJA,1
35,09-03-2020,AMARILLO,1
35,08-09-2020,AMARILLO,1
35,07-07-2020,AMARILLO,1
34,28-02-2022,AMARILLO,1
34,22-08-2021,AMARILLO,1
34,22-08-2021,ROJO,1
34,23-09-2020,AMARILLO,1
34,24-06-2022,AMARILLO,1
34,24-06-2022,NARANJA,1
34,24-10-2019,AMARILLO,1
34,24-10-2019,NARANJA,1
34,25-06-2022,NARANJA,1
34,25-10-2019,AMARILLO,1
34,26-09-2020,NARANJA,1
34,28-10-2021,AMARILLO,1
35,06-09-2020,NARANJA,1
34,29-03-2022,AMARILLO,1
34,29-03-2022,NARANJA,1
34,29-12-2021,AMARILLO,1
34,30-05-2022,AMARILLO,1
34,31-03-2022,AMARILLO,1
34,31-12-2021,AMARILLO,1
35,02-12-2020,AMARILLO,1
35,03-07-2020,AMARILLO,1
35,03-07-2020,NARANJA,1
35,04-07-2020,AMARILLO,1
36,01-01-2020,AMARILLO,1
36,01-01-2020,NARANJA,1
36,01-01-2020,ROJO,1
36,10-07-2022,AMARILLO,1
36,07-01-2022,NARANJA,1
36,07-12-2019,AMARILLO,1
36,08-02-2021,ROJO,1
36,09-09-2020,AMARILLO,1
36,09-09-2020,NARANJA,1
36,09-10-2019,AMARILLO,1
36,09-10-2019,NARANJA,1
36,10-03-2021,AMARILLO,1
36,10-07-2020,AMARILLO,1
36,10-07-2020,NARANJA,1
36,10-07-2022,NARANJA,1
36,06-10-2021,AMARILLO,1
36,10-09-2021,AMARILLO,1
36,10-09-2021,NARANJA,1
36,10-09-2021,ROJO,1
36,10-12-2020,AMARILLO,1
36,10-12-2020,NARANJA,1
36,11-02-2020,AMARILLO,1
36,11-07-2020,AMARILLO,1
36,11-07-2022,NARANJA,1
36,12-10-2019,AMARILLO,1
36,12-10-2019,NARANJA,1
36,07-01-2022,AMARILLO,1
36,06-10-2020,AMARILLO,1
36,01-03-2021,AMARILLO,1
36,03-06-2020,NARANJA,1
36,01-03-2021,NARANJA,1
36,01-04-2020,AMARILLO,1
36,01-06-2022,ROJO,1
36,01-07-2022,AMARILLO,1
36,01-09-2020,AMARILLO,1
36,01-11-2019,AMARILLO,1
36,01-11-2019,NARANJA,1
36,02-01-2020,NARANJA,1
36,02-06-2020,AMARILLO,1
36,03-04-2020,NARANJA,1
36,04-10-2020,AMARILLO,1
36,06-07-2020,ROJO,1
36,04-10-2020,NARANJA,1
36,05-01-2021,AMARILLO,1
36,05-01-2021,NARANJA,1
36,05-04-2022,AMARILLO,1
36,05-08-2021,NARANJA,1
36,05-08-2021,ROJO,1
36,05-10-2020,AMARILLO,1
36,05-10-2021,AMARILLO,1
36,05-11-2019,NARANJA,1
36,06-07-2020,AMARILLO,1
34,21-10-2019,NARANJA,1
34,21-10-2019,AMARILLO,1
34,21-02-2021,ROJO,1
31,27-09-2020,NARANJA,1
31,15-10-2020,AMARILLO,1
31,15-10-2020,NARANJA,1
31,21-10-2020,AMARILLO,1
31,22-03-2022,AMARILLO,1
31,22-03-2022,NARANJA,1
31,27-02-2021,AMARILLO,1
31,27-02-2021,NARANJA,1
31,27-03-2022,AMARILLO,1
31,27-08-2021,AMARILLO,1
31,27-09-2020,AMARILLO,1
31,28-03-2022,NARANJA,1
31,12-02-2021,AMARILLO,1
31,28-08-2021,AMARILLO,1
31,29-03-2022,AMARILLO,1
31,29-03-2022,ROJO,1
32,02-03-2022,NARANJA,1
32,04-03-2022,NARANJA,1
32,05-05-2022,NARANJA,1
32,05-05-2022,ROJO,1
32,09-02-2022,NARANJA,1
32,09-02-2022,ROJO,1
32,11-02-2022,NARANJA,1
31,12-10-2019,AMARILLO,1
31,08-10-2020,AMARILLO,1
33,05-04-2022,ROJO,1
30,27-07-2021,AMARILLO,1
30,22-06-2022,NARANJA,1
30,22-12-2021,AMARILLO,1
30,23-02-2022,AMARILLO,1
30,24-03-2022,AMARILLO,1
30,24-03-2022,NARANJA,1
30,25-02-2022,AMARILLO,1
30,25-03-2022,AMARILLO,1
30,26-02-2022,NARANJA,1
30,26-12-2021,AMARILLO,1
30,26-12-2021,NARANJA,1
30,30-12-2021,AMARILLO,1
31,08-09-2021,NARANJA,1
30,31-03-2022,NARANJA,1
30,31-03-2022,ROJO,1
31,03-10-2020,AMARILLO,1
31,03-10-2020,NARANJA,1
31,06-09-2020,AMARILLO,1
31,06-09-2020,NARANJA,1
31,07-09-2020,AMARILLO,1
31,07-09-2021,NARANJA,1
31,07-10-2020,AMARILLO,1
31,08-09-2021,AMARILLO,1
32,15-10-2019,AMARILLO,1
33,07-10-2019,AMARILLO,1
34,18-08-2021,NARANJA,1
34,12-10-2021,AMARILLO,1
34,10-09-2020,NARANJA,1
34,11-02-2021,NARANJA,1
34,11-02-2022,AMARILLO,1
34,11-11-2019,AMARILLO,1
34,11-11-2019,NARANJA,1
34,12-06-2022,AMARILLO,1
34,12-06-2022,NARANJA,1
34,12-08-2021,AMARILLO,1
34,12-09-2020,AMARILLO,1
34,12-09-2020,NARANJA,1
34,14-10-2021,AMARILLO,1
34,10-06-2022,NARANJA,1
34,14-10-2021,ROJO,1
34,14-11-2019,AMARILLO,1
34,14-11-2019,NARANJA,1
34,15-03-2022,AMARILLO,1
34,16-08-2021,AMARILLO,1
34,17-02-2021,AMARILLO,1
34,17-08-2021,AMARILLO,1
34,17-11-2019,AMARILLO,1
34,18-05-2022,ROJO,1
34,18-08-2021,AMARILLO,1
34,10-09-2020,AMARILLO,1
34,10-06-2022,AMARILLO,1
33,10-05-2022,AMARILLO,1
34,04-09-2020,AMARILLO,1
33,11-10-2019,NARANJA,1
33,27-02-2022,AMARILLO,1
33,31-03-2022,AMARILLO,1
34,02-12-2021,AMARILLO,1
34,03-03-2021,AMARILLO,1
34,03-03-2021,NARANJA,1
34,03-03-2022,AMARILLO,1
34,04-03-2021,AMARILLO,1
34,04-03-2021,NARANJA,1
34,04-03-2022,AMARILLO,1
34,04-10-2021,AMARILLO,1
34,09-09-2020,AMARILLO,1
34,05-02-2022,NARANJA,1
34,05-03-2021,AMARILLO,1
34,06-02-2022,AMARILLO,1
34,06-06-2022,AMARILLO,1
34,06-09-2021,AMARILLO,1
34,06-09-2021,NARANJA,1
34,07-09-2021,NARANJA,1
34,08-10-2021,AMARILLO,1
34,09-01-2022,AMARILLO,1
34,09-01-2022,NARANJA,1
92,29-09-2022,NARANJA,1
